Date,Date Value,Open,High,Low,Close,Adj Close,Volume
27-04-2015,42121,7.89,7.97,7.745,7.8275,5.806324,25115600
28-04-2015,42122,7.82,7.8925,7.7475,7.82,5.800762,21934000
29-04-2015,42123,7.77,7.835,7.7625,7.7875,5.776653,15037600
30-04-2015,42124,7.7425,7.7675,7.7175,7.745,5.745127,14210800
01-05-2015,42125,7.7575,7.815,7.7475,7.7975,5.784071,6830800
04-05-2015,42128,7.9375,8,7.885,7.885,5.848977,11470400
05-05-2015,42129,7.79,7.8375,7.775,7.805,5.789635,9472000
06-05-2015,42130,7.7175,7.73,7.6275,7.655,5.678368,11757200
07-05-2015,42131,7.7575,7.78,7.66,7.705,5.715456,15061600
08-05-2015,42132,7.7825,7.8125,7.7475,7.805,5.789635,10046800
11-05-2015,42135,7.8975,7.9175,7.8075,7.825,5.80447,11815200
12-05-2015,42136,7.6575,7.7225,7.65,7.67,5.689494,14971200
13-05-2015,42137,7.715,7.7775,7.6725,7.6875,5.702475,7254800
14-05-2015,42138,7.6925,7.71,7.6575,7.675,5.693202,6582000
15-05-2015,42139,7.72,7.7825,7.6675,7.7675,5.761817,12102400
18-05-2015,42142,7.8125,7.9025,7.7675,7.8525,5.824869,10635200
19-05-2015,42143,7.95,7.9825,7.9025,7.925,5.878649,7671600
20-05-2015,42144,8.0125,8.05,7.98,8.005,5.937992,9238400
21-05-2015,42145,8.01,8.01,7.9475,7.96,5.904611,8226000
22-05-2015,42146,7.9825,7.9825,7.935,7.9575,5.902757,7174400
26-05-2015,42150,7.8425,7.8525,7.78,7.83,5.808178,6782000
27-05-2015,42151,7.7775,7.8275,7.745,7.815,5.797053,9391200
28-05-2015,42152,7.8325,7.895,7.8275,7.885,5.848977,6782800
29-05-2015,42153,7.9425,7.9725,7.9125,7.9675,5.910174,12460400
01-06-2015,42156,7.9925,8.095,7.9825,8.0525,5.973226,9960800
02-06-2015,42157,7.94,7.97,7.8925,7.955,5.900902,12408400
03-06-2015,42158,7.97,8.1125,7.94,8.025,5.952827,11231200
04-06-2015,42159,7.9575,7.995,7.8525,7.9125,5.869376,10394400
05-06-2015,42160,7.8825,7.9775,7.88,7.9525,5.899048,6310800
08-06-2015,42163,7.8825,7.905,7.865,7.88,5.845268,5764800
09-06-2015,42164,7.83,7.8525,7.7575,7.7775,5.769235,8981600
10-06-2015,42165,7.8975,7.9525,7.8625,7.93,5.882357,12770800
11-06-2015,42166,7.7825,7.8675,7.7525,7.8125,6.154865,9450000
12-06-2015,42167,7.665,7.7625,7.6475,7.755,6.109565,10429600
15-06-2015,42170,7.6975,7.83,7.68,7.8125,6.154865,7482000
16-06-2015,42171,7.7875,7.9775,7.7875,7.96,6.27107,8279600
17-06-2015,42172,7.8625,7.9825,7.8625,7.98,6.286827,8270000
18-06-2015,42173,7.965,8.105,7.965,8.0425,6.336064,7822800
19-06-2015,42174,8.0125,8.04,7.965,7.975,6.282887,5787600
22-06-2015,42177,8.095,8.18,8.0625,8.1325,6.406968,6966800
23-06-2015,42178,8.08,8.125,8.0475,8.055,6.345913,8711600
24-06-2015,42179,7.99,8.045,7.87,7.88,6.208043,12708400
25-06-2015,42180,7.95,8.14,7.945,8.065,6.35379,9659400
26-06-2015,42181,8.13,8.155,8.055,8.085,6.369548,9585400
29-06-2015,42184,7.955,7.99,7.905,7.93,6.247434,5429200
30-06-2015,42185,7.97,7.985,7.83,7.925,6.243496,6579600
01-07-2015,42186,7.99,8.01,7.875,7.955,6.267131,7260400
02-07-2015,42187,7.975,7.985,7.875,7.98,6.286827,4183000
06-07-2015,42191,7.93,7.965,7.885,7.94,6.255312,10254800
07-07-2015,42192,7.915,7.945,7.795,7.93,6.247434,5044600
08-07-2015,42193,7.76,7.785,7.7,7.725,6.085931,8665200
09-07-2015,42194,7.7,7.815,7.66,7.705,6.070175,6421200
10-07-2015,42195,7.705,7.765,7.675,7.74,6.097748,6001400
13-07-2015,42198,7.74,7.81,7.71,7.77,6.121383,4954600
14-07-2015,42199,7.835,7.865,7.755,7.79,6.137139,6055200
15-07-2015,42200,7.825,7.92,7.81,7.89,6.215921,5095200
16-07-2015,42201,7.975,8.04,7.94,7.965,6.275009,5777200
17-07-2015,42202,8,8.02,7.885,7.92,6.239557,8292400
20-07-2015,42205,7.925,7.975,7.855,7.885,6.211983,8805800
21-07-2015,42206,8.815,8.95,8.515,8.53,6.720128,34685200
22-07-2015,42207,8.555,8.74,8.55,8.63,6.798912,10838600
23-07-2015,42208,8.6,8.725,8.6,8.66,6.822545,8963600
24-07-2015,42209,8.595,8.675,8.555,8.615,6.787094,9637600
27-07-2015,42212,8.39,8.45,8.285,8.37,6.594077,8278000
28-07-2015,42213,8.44,8.47,8.33,8.465,6.66892,7298800
29-07-2015,42214,8.51,8.555,8.47,8.5,6.696494,6515400
30-07-2015,42215,8.45,8.505,8.365,8.475,6.676799,6356000
31-07-2015,42216,8.48,8.555,8.44,8.455,6.661041,8677400
03-08-2015,42219,8.5,8.565,8.43,8.48,6.680737,6708600
04-08-2015,42220,8.395,8.485,8.345,8.47,6.67286,5603000
05-08-2015,42221,8.625,8.775,8.625,8.695,6.850118,8204200
06-08-2015,42222,8.675,8.725,8.575,8.655,6.818607,6208400
07-08-2015,42223,8.655,8.77,8.655,8.765,6.905266,6726600
10-08-2015,42226,8.7,8.855,8.7,8.845,6.968294,6946800
11-08-2015,42227,8.81,8.865,8.695,8.73,6.877693,4849000
12-08-2015,42228,8.87,8.94,8.785,8.925,7.031319,7680800
13-08-2015,42229,8.885,9.105,8.885,9.015,7.102222,8374200
14-08-2015,42230,9.015,9.05,8.97,8.985,7.078587,4673200
17-08-2015,42233,8.95,8.995,8.915,8.95,7.051013,4472400
18-08-2015,42234,9.015,9.1,8.935,9,7.090405,6612000
19-08-2015,42235,9.115,9.115,9,9.08,7.15343,6875200
20-08-2015,42236,8.895,8.91,8.655,8.655,6.818607,10429800
21-08-2015,42237,8.71,8.77,8.525,8.525,6.71619,9104600
24-08-2015,42240,8.025,8.335,7.95,8.27,6.515295,21571400
25-08-2015,42241,8.41,8.495,8.25,8.25,6.499538,9722400
26-08-2015,42242,8.32,8.485,8.245,8.475,6.676799,16751000
27-08-2015,42243,8.5,8.635,8.485,8.635,6.80285,9708000
28-08-2015,42244,8.67,8.785,8.585,8.755,6.897389,6263600
31-08-2015,42247,8.575,8.66,8.56,8.575,6.75558,9062800
01-09-2015,42248,8.475,8.515,8.385,8.425,6.637407,7883600
02-09-2015,42249,8.59,8.74,8.485,8.725,6.873755,9236800
03-09-2015,42250,8.665,8.83,8.665,8.775,6.913145,7451600
04-09-2015,42251,8.45,8.56,8.375,8.46,6.66498,8195000
08-09-2015,42255,8.495,8.735,8.485,8.72,6.869814,9880000
09-09-2015,42256,8.845,8.85,8.625,8.635,6.80285,10543000
10-09-2015,42257,8.64,8.825,8.595,8.8,6.932841,11301000
11-09-2015,42258,8.755,8.85,8.72,8.845,6.968294,8787800
14-09-2015,42261,8.85,8.87,8.775,8.84,6.964355,9604600
15-09-2015,42262,8.855,8.89,8.825,8.88,6.995866,8642000
16-09-2015,42263,8.92,8.95,8.865,8.935,7.039198,5621200
17-09-2015,42264,8.9,9,8.845,8.875,6.991927,5153600
18-09-2015,42265,8.87,8.87,8.665,8.71,6.861936,7047200
21-09-2015,42268,8.845,8.965,8.78,8.93,7.035257,6526000
22-09-2015,42269,8.835,8.955,8.805,8.875,6.991927,7105000
23-09-2015,42270,8.955,8.97,8.82,8.825,6.952535,5936400
24-09-2015,42271,8.91,8.935,8.78,8.84,6.964355,7678600
25-09-2015,42272,8.89,8.94,8.82,8.905,7.015562,6099600
28-09-2015,42275,8.895,8.94,8.825,8.92,7.027379,7896600
29-09-2015,42276,8.915,9.06,8.89,9.025,7.110101,7779000
30-09-2015,42277,9.175,9.58,9.155,9.545,7.519769,20944800
01-10-2015,42278,9.515,9.53,9.31,9.445,7.440985,10015400
02-10-2015,42279,9.37,9.45,9.19,9.445,7.440985,10204600
05-10-2015,42282,9.525,9.73,9.505,9.72,7.657637,7771200
06-10-2015,42283,9.545,9.57,9.475,9.5,7.484317,10564800
07-10-2015,42284,9.445,9.505,9.415,9.505,7.488256,7656200
08-10-2015,42285,9.43,9.58,9.43,9.58,7.547341,11381600
09-10-2015,42286,9.7,9.7,9.505,9.575,7.543403,16092800
12-10-2015,42289,9.34,9.515,8.825,8.94,7.043135,26413800
13-10-2015,42290,8.89,8.89,8.62,8.765,6.905266,16401000
14-10-2015,42291,8.845,8.9,8.66,8.7,6.854058,12252000
15-10-2015,42292,8.7,8.73,8.63,8.725,6.997047,8776600
16-10-2015,42293,8.75,9.035,8.695,9.02,7.233623,12455000
19-10-2015,42296,9,9.035,8.91,8.96,7.185506,7743400
20-10-2015,42297,9.055,9.08,8.965,9.025,7.237633,15409200
21-10-2015,42298,9.055,9.06,8.795,8.825,7.077241,8723400
22-10-2015,42299,8.885,9.09,8.855,9.08,7.28174,5201800
23-10-2015,42300,9.195,9.33,9.125,9.31,7.46619,8549200
26-10-2015,42303,9.245,9.315,9.225,9.25,7.418072,4395600
27-10-2015,42304,9.25,9.31,9.165,9.25,7.418072,4442400
28-10-2015,42305,9.24,9.36,9.17,9.3,7.45817,6827200
29-10-2015,42306,9.185,9.235,9.085,9.145,7.333868,5235000
30-10-2015,42307,9.095,9.1,9.015,9.08,7.28174,3857000
02-11-2015,42310,9.04,9.175,8.955,9.13,7.321838,4984200
03-11-2015,42311,9.095,9.305,8.98,9.175,7.357925,5878200
04-11-2015,42312,9.17,9.175,9.07,9.075,7.277731,3853000
05-11-2015,42313,9.035,9.09,9.03,9.045,7.253671,8524200
06-11-2015,42314,9.05,9.085,8.885,8.95,7.177485,6847200
09-11-2015,42317,8.905,8.95,8.7,8.83,7.081251,8349800
10-11-2015,42318,8.73,8.745,8.65,8.73,7.001056,4968200
11-11-2015,42319,8.745,8.77,8.68,8.735,7.005065,4435200
12-11-2015,42320,8.69,8.78,8.665,8.68,6.960959,4014000
13-11-2015,42321,8.62,8.645,8.46,8.51,6.824626,9543400
16-11-2015,42324,8.51,8.515,8.31,8.455,6.780519,15365200
17-11-2015,42325,8.155,8.21,7.93,8.055,6.459738,16822400
18-11-2015,42326,7.99,8.085,7.86,8.055,6.459738,12851400
19-11-2015,42327,8.14,8.215,8.03,8.145,6.531913,7275200
20-11-2015,42328,8.21,8.23,8.04,8.105,6.499835,5003800
23-11-2015,42331,8.125,8.17,8.1,8.12,6.511864,3599000
24-11-2015,42332,8.045,8.135,7.935,8.12,6.511864,5348200
25-11-2015,42333,8.13,8.13,8.02,8.085,6.483797,4569000
27-11-2015,42335,8.16,8.345,8.145,8.235,6.60409,6708400
30-11-2015,42338,8.32,8.5,8.225,8.34,6.688295,14280800
01-12-2015,42339,8.35,8.385,8.205,8.28,6.640177,6067200
02-12-2015,42340,8.21,8.225,8.11,8.13,6.519884,6377600
03-12-2015,42341,8.14,8.15,8.035,8.065,6.467756,4031000
04-12-2015,42342,8.065,8.215,8.06,8.185,6.563992,3501200
07-12-2015,42345,8.1,8.21,8.085,8.155,6.539933,4059400
08-12-2015,42346,8.085,8.085,7.935,7.96,6.383552,10154400
09-12-2015,42347,7.945,8.13,7.94,8.06,6.463748,7865000
10-12-2015,42348,8.175,8.225,8.14,8.215,6.58805,9517200
11-12-2015,42349,8.125,8.165,8.04,8.115,6.507854,6513800
14-12-2015,42352,8.22,8.325,8.155,8.26,6.624138,10607000
15-12-2015,42353,8.375,8.47,8.375,8.395,6.732402,7203200
16-12-2015,42354,8.53,8.53,8.385,8.46,6.784528,5703000
17-12-2015,42355,8.5,8.51,8.26,8.315,6.668245,12099200
18-12-2015,42356,8.245,8.345,8.165,8.175,6.555973,7591000
21-12-2015,42359,8.37,8.415,8.225,8.28,6.640177,8547800
22-12-2015,42360,8.285,8.405,8.28,8.395,6.732402,6223200
23-12-2015,42361,8.455,8.455,8.365,8.43,6.760471,4101400
24-12-2015,42362,8.43,8.46,8.4,8.425,6.75646,1068400
28-12-2015,42366,8.425,8.495,8.375,8.42,6.752451,3297400
29-12-2015,42367,8.455,8.525,8.45,8.475,6.796559,3829600
30-12-2015,42368,8.395,8.44,8.375,8.41,6.744431,3210000
31-12-2015,42369,8.47,8.47,8.36,8.375,6.716363,2945400
04-01-2016,42373,8.23,8.23,8.115,8.12,6.511864,8218400
05-01-2016,42374,8.15,8.2,8.07,8.1,6.495825,7265800
06-01-2016,42375,8.045,8.15,8,8.035,6.443698,7042000
07-01-2016,42376,7.905,8.14,7.88,8.03,6.439688,7850400
08-01-2016,42377,8.075,8.18,8.055,8.085,6.483797,8147400
11-01-2016,42380,8.09,8.195,8.075,8.125,6.515874,9768000
12-01-2016,42381,8.105,8.36,8.105,8.285,6.644187,11860800
13-01-2016,42382,8.375,8.49,8.22,8.23,6.600079,16731800
14-01-2016,42383,8.895,9.035,8.67,8.925,7.157438,23494600
15-01-2016,42384,8.665,8.8,8.56,8.66,6.944919,12403400
19-01-2016,42388,8.72,8.775,8.64,8.74,7.009076,12712200
20-01-2016,42389,8.59,8.765,8.52,8.71,6.985017,15478000
21-01-2016,42390,8.76,9.005,8.675,8.935,7.165459,13172600
22-01-2016,42391,8.91,9,8.895,8.95,7.177485,6572400
25-01-2016,42394,8.925,8.965,8.85,8.905,7.141398,7379000
26-01-2016,42395,8.93,8.975,8.74,8.76,7.025115,10147800
27-01-2016,42396,8.765,8.87,8.68,8.71,6.985017,12695600
28-01-2016,42397,8.72,8.77,8.625,8.65,6.9369,5453400
29-01-2016,42398,8.875,9.005,8.845,8.955,7.181497,9599600
01-02-2016,42401,8.94,8.94,8.825,8.885,7.12536,7780000
02-02-2016,42402,8.855,8.95,8.74,8.78,7.041154,6740800
03-02-2016,42403,8.85,8.885,8.675,8.825,7.077241,7823800
04-02-2016,42404,8.915,8.945,8.835,8.92,7.153427,6331800
05-02-2016,42405,8.86,8.88,8.655,8.675,6.956948,7734400
08-02-2016,42408,8.5,8.55,8.13,8.275,6.636167,20492000
09-02-2016,42409,8.165,8.245,8.07,8.17,6.551962,16329200
10-02-2016,42410,8.24,8.37,8.165,8.175,6.555973,8980000
11-02-2016,42411,8.005,8.13,7.955,8.105,6.499835,14613000
12-02-2016,42412,8.19,8.23,7.98,8.05,6.455729,8943200
16-02-2016,42416,8.035,8.145,8.005,8.105,6.499835,21192800
17-02-2016,42417,8.205,8.265,8.125,8.24,6.608099,31074000
18-02-2016,42418,8.365,8.375,8.195,8.205,6.58003,14067600
19-02-2016,42419,8.22,8.245,8.12,8.195,6.572011,10928800
22-02-2016,42422,8.365,8.505,8.34,8.445,6.772499,12336800
23-02-2016,42423,8.37,8.435,8.31,8.325,6.676265,8722000
24-02-2016,42424,8.285,8.43,8.25,8.42,6.752451,8416200
25-02-2016,42425,8.305,8.455,8.3,8.435,6.76448,8242400
26-02-2016,42426,8.465,8.48,8.325,8.445,6.772499,7740600
29-02-2016,42429,8.25,8.47,8.245,8.41,6.744431,10953400
01-03-2016,42430,8.605,8.745,8.56,8.71,6.985017,7435000
02-03-2016,42431,8.76,8.9,8.73,8.84,7.089272,11716600
03-03-2016,42432,8.86,9.11,8.86,9.09,7.289759,10881200
04-03-2016,42433,9.08,9.235,9.06,9.22,7.394013,7460800
07-03-2016,42436,9.125,9.245,9.115,9.205,7.381985,4061000
08-03-2016,42437,9.02,9.03,8.92,8.96,7.185506,6650000
09-03-2016,42438,9.15,9.15,8.86,8.92,7.153427,9602800
10-03-2016,42439,8.855,8.995,8.825,8.885,7.12536,11909600
11-03-2016,42440,8.92,8.985,8.86,8.98,7.201545,6184000
14-03-2016,42443,8.93,9.06,8.925,9.01,7.225603,6626400
15-03-2016,42444,8.91,8.93,8.86,8.875,7.117339,5627600
16-03-2016,42445,8.96,9.095,8.835,9.09,7.289759,5265000
17-03-2016,42446,9.1,9.17,9.02,9.165,7.349907,5156400
18-03-2016,42447,9.29,9.305,9.175,9.26,7.426091,5216600
21-03-2016,42450,9.27,9.385,9.235,9.34,7.490249,6264400
22-03-2016,42451,9.24,9.32,9.17,9.255,7.422081,6650000
23-03-2016,42452,9.35,9.35,9.19,9.33,7.48223,8980000
24-03-2016,42453,9.3,9.415,9.295,9.405,7.542375,6000200
28-03-2016,42457,9.38,9.4,9.305,9.375,7.518317,4956400
29-03-2016,42458,9.35,9.43,9.32,9.345,7.494258,8516600
30-03-2016,42459,9.395,9.66,9.385,9.58,7.682716,10802800
31-03-2016,42460,9.635,9.635,9.5,9.51,7.626582,6505400
01-04-2016,42461,9.43,9.665,9.39,9.625,7.718805,6791800
04-04-2016,42464,9.745,9.745,9.615,9.625,7.718805,4038200
05-04-2016,42465,9.5,9.5,9.345,9.405,7.542375,6205400
06-04-2016,42466,9.335,9.41,9.28,9.4,7.538364,7426200
07-04-2016,42467,9.245,9.255,9.03,9.055,7.261691,10447200
08-04-2016,42468,9.09,9.1,8.93,9.025,7.237633,8956800
11-04-2016,42471,9.13,9.195,9.075,9.085,7.28575,4767600
12-04-2016,42472,9.125,9.15,9.04,9.1,7.29778,6593200
13-04-2016,42473,9.115,9.21,9,9.175,7.357925,12878200
14-04-2016,42474,9.225,9.26,9.125,9.225,7.398024,11473400
15-04-2016,42475,9.835,10.235,9.775,10,8.019538,29496800
18-04-2016,42478,9.775,9.805,9.645,9.645,7.734845,10071600
19-04-2016,42479,9.7,9.8,9.67,9.675,7.758904,8430600
20-04-2016,42480,9.71,9.75,9.62,9.67,7.754892,8359800
21-04-2016,42481,9.58,9.59,9.43,9.47,7.594502,5887400
22-04-2016,42482,9.45,9.565,9.43,9.54,7.65064,6076800
25-04-2016,42485,9.51,9.58,9.455,9.54,7.65064,3087800
26-04-2016,42486,9.615,9.685,9.545,9.615,7.710785,7032400
27-04-2016,42487,9.63,9.7,9.57,9.61,7.706776,6823800
28-04-2016,42488,9.465,9.555,9.4,9.445,7.574452,5100200
29-04-2016,42489,9.415,9.43,9.285,9.4,7.538364,5242600
02-05-2016,42492,9.34,9.465,9.34,9.395,7.534355,3737400
03-05-2016,42493,9.25,9.31,9.215,9.255,7.422081,4569800
04-05-2016,42494,9.235,9.285,9.12,9.22,7.394013,7404800
05-05-2016,42495,9.245,9.255,9.175,9.2,7.377974,4962000
06-05-2016,42496,9.15,9.24,9.15,9.2,7.377974,5614800
09-05-2016,42499,9.275,9.38,9.275,9.345,7.494258,4948400
10-05-2016,42500,9.405,9.55,9.395,9.495,7.614552,6629000
11-05-2016,42501,9.44,9.44,9.31,9.33,7.48223,3433400
12-05-2016,42502,9.4,9.405,9.305,9.36,7.506287,2700400
13-05-2016,42503,9.325,9.39,9.26,9.275,7.438121,2831000
16-05-2016,42506,9.395,9.49,9.355,9.43,7.562424,4500200
17-05-2016,42507,9.41,9.415,9.205,9.21,7.385994,4406400
18-05-2016,42508,9.26,9.375,9.205,9.32,7.474209,4332200
19-05-2016,42509,9.215,9.285,9.15,9.235,7.406044,3599800
20-05-2016,42510,9.265,9.32,9.2,9.23,7.402033,2829800
23-05-2016,42513,9.18,9.22,9.09,9.195,7.373964,4444800
24-05-2016,42514,9.165,9.31,9.16,9.295,7.454161,5255800
25-05-2016,42515,9.375,9.445,9.315,9.405,7.542375,5009200
26-05-2016,42516,9.62,9.705,9.585,9.59,7.690737,6529400
27-05-2016,42517,9.63,9.745,9.615,9.745,7.81504,3768800
31-05-2016,42521,9.71,9.765,9.67,9.72,7.794991,5812800
01-06-2016,42522,9.685,9.79,9.675,9.775,7.839097,3261000
02-06-2016,42523,9.75,9.84,9.73,9.835,7.887215,3567000
03-06-2016,42524,9.81,9.825,9.765,9.805,7.863158,3568200
06-06-2016,42527,9.825,9.88,9.785,9.855,7.903254,4481000
07-06-2016,42528,9.765,9.805,9.715,9.77,8.006592,5315800
08-06-2016,42529,9.68,9.77,9.645,9.65,7.908249,7690000
09-06-2016,42530,9.25,9.285,8.935,9.115,7.469812,19110600
10-06-2016,42531,9.115,9.175,8.945,9.04,7.40835,11015600
13-06-2016,42534,9.07,9.07,8.93,8.965,7.346886,7943400
14-06-2016,42535,8.965,9.075,8.945,9.03,7.400155,6870800
15-06-2016,42536,9.125,9.13,9.025,9.055,7.420642,4975000
16-06-2016,42537,8.99,9.145,8.975,9.12,7.473912,4119800
17-06-2016,42538,9.105,9.16,9.055,9.135,7.486203,7110600
20-06-2016,42541,9.255,9.37,9.255,9.31,7.629617,5271400
21-06-2016,42542,9.3,9.33,9.225,9.27,7.596837,4102000
22-06-2016,42543,9.235,9.335,9.21,9.29,7.613226,5165000
23-06-2016,42544,9.42,9.495,9.385,9.49,7.777128,10521200
24-06-2016,42545,9.125,9.155,9.03,9.04,7.40835,6364400
27-06-2016,42548,8.895,8.9,8.655,8.665,7.101034,13317200
28-06-2016,42549,8.805,8.83,8.68,8.775,7.191181,15700600
29-06-2016,42550,8.905,8.96,8.855,8.89,7.285425,7680600
30-06-2016,42551,8.855,9,8.855,8.925,7.314106,7163200
01-07-2016,42552,8.94,8.97,8.865,8.955,7.338693,4558800
05-07-2016,42556,8.905,8.945,8.875,8.915,7.305912,3799200
06-07-2016,42557,8.91,8.925,8.74,8.815,7.22396,7219400
07-07-2016,42558,8.85,8.925,8.79,8.835,7.24035,5927000
08-07-2016,42559,8.9,8.965,8.875,8.92,7.310008,3864800
11-07-2016,42562,8.97,9.09,8.95,9.065,7.428837,6004600
12-07-2016,42563,9.065,9.165,9.02,9.135,7.486203,10178400
13-07-2016,42564,9.19,9.22,9.125,9.155,7.502593,8428200
14-07-2016,42565,9.16,9.24,9.105,9.22,7.555861,10524400
15-07-2016,42566,8.43,8.545,8.255,8.405,6.887962,42071600
18-07-2016,42569,8.38,8.43,8.26,8.41,6.892061,12999400
19-07-2016,42570,8.41,8.455,8.32,8.325,6.822402,9434600
20-07-2016,42571,8.385,8.425,8.3,8.375,6.863377,8404800
21-07-2016,42572,8.355,8.37,8.275,8.31,6.81011,9971200
22-07-2016,42573,8.315,8.335,8.25,8.285,6.789621,8357400
25-07-2016,42576,8.33,8.345,8.26,8.345,6.838792,6885200
26-07-2016,42577,8.38,8.445,8.35,8.375,6.863377,8168200
27-07-2016,42578,8.405,8.41,8.32,8.35,6.842889,5349600
28-07-2016,42579,8.34,8.34,8.27,8.295,6.797816,5958200
29-07-2016,42580,8.325,8.355,8.155,8.215,6.732256,9730400
01-08-2016,42583,8.3,8.32,8.245,8.285,6.789621,7653800
02-08-2016,42584,8.32,8.32,8.15,8.195,6.715866,7448800
03-08-2016,42585,8.185,8.22,8.15,8.175,6.699476,10643600
04-08-2016,42586,8.14,8.17,8.045,8.045,6.59294,14055600
05-08-2016,42587,8.05,8.165,8.02,8.125,6.6585,15948400
08-08-2016,42590,8.14,8.17,8.125,8.135,6.666695,13707800
09-08-2016,42591,8.16,8.22,8.16,8.18,6.703573,10186000
10-08-2016,42592,8.175,8.27,8.165,8.255,6.765036,8715800
11-08-2016,42593,8.19,8.255,8.165,8.215,6.732256,9993400
12-08-2016,42594,8.14,8.145,8.015,8.07,6.613428,10573400
15-08-2016,42597,7.94,8.135,7.925,8.1,6.638012,10584800
16-08-2016,42598,8.035,8.055,7.94,7.975,6.535574,11482400
17-08-2016,42599,7.92,7.975,7.91,7.96,6.523281,9500600
18-08-2016,42600,7.885,7.95,7.825,7.94,6.506891,13126200
19-08-2016,42601,7.885,7.97,7.88,7.95,6.515086,6007600
22-08-2016,42604,7.855,7.905,7.82,7.9,6.474111,8803000
23-08-2016,42605,7.98,8.29,7.97,8.27,6.777329,17232600
24-08-2016,42606,8.22,8.26,8.16,8.195,6.715866,13101400
25-08-2016,42607,8.13,8.145,7.995,8.025,6.57655,14880000
26-08-2016,42608,7.99,8.02,7.895,7.95,6.515086,9020400
29-08-2016,42611,7.945,7.96,7.86,7.875,6.453624,9193200
30-08-2016,42612,8.05,8.055,7.91,7.93,6.498695,9292000
31-08-2016,42613,7.97,7.99,7.88,7.93,6.498695,9324400
01-09-2016,42614,7.95,8.065,7.945,8.05,6.597038,9199600
02-09-2016,42615,8.015,8.165,8.015,8.15,6.678988,10940800
06-09-2016,42619,8.16,8.25,8.16,8.22,6.736354,9827600
07-09-2016,42620,8.25,8.285,8.215,8.22,6.736354,11382400
08-09-2016,42621,8.115,8.12,7.94,8.045,6.59294,18985000
09-09-2016,42622,8.025,8.095,7.98,8.035,6.584744,12184800
12-09-2016,42625,8.135,8.215,8.04,8.19,6.711767,7500000
13-09-2016,42626,8.115,8.13,7.985,8.03,6.580647,7920000
14-09-2016,42627,8,8.035,7.93,7.975,6.535574,9170400
15-09-2016,42628,7.97,8.135,7.96,8.02,6.572453,7804400
16-09-2016,42629,8.035,8.125,8,8.035,6.584744,11935000
19-09-2016,42632,8.12,8.13,8.03,8.065,6.609329,5823600
20-09-2016,42633,8.065,8.09,8.005,8.025,6.57655,4990000
21-09-2016,42634,8.06,8.1,7.975,8.065,6.609329,7828600
22-09-2016,42635,8.1,8.15,8.09,8.125,6.6585,4966600
23-09-2016,42636,8.05,8.065,7.975,7.98,6.539672,6132600
26-09-2016,42639,7.935,7.96,7.88,7.935,6.502794,3546200
27-09-2016,42640,7.955,8.015,7.94,7.955,6.519185,5603400
28-09-2016,42641,7.96,7.985,7.885,7.945,6.510989,10841000
29-09-2016,42642,7.935,8.06,7.905,7.935,6.502794,11811800
30-09-2016,42643,7.955,7.985,7.88,7.89,6.465916,10281600
03-10-2016,42646,7.915,8,7.905,7.98,6.539672,5858800
04-10-2016,42647,8.02,8.11,7.97,7.975,6.535574,6295800
05-10-2016,42648,7.98,8.015,7.915,7.98,6.539672,3181400
06-10-2016,42649,7.895,7.94,7.865,7.88,6.45772,4788400
07-10-2016,42650,7.84,7.84,7.74,7.8,6.39216,9547000
10-10-2016,42653,7.885,7.99,7.88,7.935,6.502794,6490000
11-10-2016,42654,7.91,7.925,7.83,7.85,6.433136,6688400
12-10-2016,42655,7.865,7.97,7.855,7.965,6.527379,6485400
13-10-2016,42656,8.015,8.355,7.99,8.325,6.822402,20842400
14-10-2016,42657,7.995,8.02,7.755,7.83,6.416745,39789400
17-10-2016,42660,7.845,7.915,7.825,7.85,6.433136,13968600
18-10-2016,42661,7.99,7.99,7.93,7.955,6.519185,8038200
19-10-2016,42662,7.95,8.005,7.92,7.92,6.627528,6949600
20-10-2016,42663,7.91,7.91,7.79,7.87,6.585688,8119200
21-10-2016,42664,7.93,7.995,7.89,7.935,6.640081,6677800
24-10-2016,42667,7.945,8.035,7.92,7.995,6.690289,9311200
25-10-2016,42668,7.885,7.895,7.805,7.845,6.564767,8141400
26-10-2016,42669,7.83,7.845,7.785,7.81,6.53548,7877600
27-10-2016,42670,7.805,7.805,7.675,7.68,6.426693,5230000
28-10-2016,42671,7.685,7.74,7.62,7.645,6.397406,10002600
31-10-2016,42674,7.655,7.69,7.595,7.63,6.384853,8316000
01-11-2016,42675,7.595,7.645,7.57,7.63,6.384853,7145200
02-11-2016,42676,7.595,7.61,7.51,7.58,6.343013,4683400
03-11-2016,42677,7.52,7.535,7.465,7.48,6.259332,7410600
04-11-2016,42678,7.48,7.58,7.465,7.52,6.292804,11188000
07-11-2016,42681,7.635,7.67,7.585,7.62,6.376485,8760400
08-11-2016,42682,7.61,7.63,7.55,7.58,6.343013,8596800
09-11-2016,42683,7.46,7.46,7.135,7.27,6.083602,34182400
10-11-2016,42684,7.245,7.26,7.145,7.22,6.041761,19365400
11-11-2016,42685,7.115,7.27,7.095,7.255,6.07105,15769000
14-11-2016,42688,7.17,7.17,6.955,7.03,5.882769,24311200
15-11-2016,42689,7.17,7.17,6.99,7,5.857664,23541600
16-11-2016,42690,7.08,7.09,7.015,7.055,5.903688,13865600
17-11-2016,42691,7.06,7.095,7.02,7.05,5.899505,10340200
18-11-2016,42692,7.02,7.1,6.935,6.945,5.811639,19826800
21-11-2016,42695,6.945,7.005,6.87,7,5.857664,11521200
22-11-2016,42696,6.96,7.065,6.93,7.03,5.882769,15037400
23-11-2016,42697,6.97,7.09,6.955,7.065,5.912056,11085600
25-11-2016,42699,7.29,7.345,7.235,7.265,6.079418,7705600
28-11-2016,42702,7.4,7.4,7.27,7.28,6.09197,13924600
29-11-2016,42703,7.275,7.285,7.215,7.25,6.066866,6434000
30-11-2016,42704,7.295,7.36,7.235,7.24,6.058498,11560000
01-12-2016,42705,7.285,7.29,7.14,7.155,5.98737,12539200
02-12-2016,42706,7.13,7.185,7.08,7.155,5.98737,7407800
05-12-2016,42709,7.18,7.265,7.17,7.17,5.999921,8934600
06-12-2016,42710,7.245,7.245,7.18,7.235,6.054314,5976600
07-12-2016,42711,7.265,7.425,7.255,7.395,6.188203,9952600
08-12-2016,42712,7.44,7.455,7.355,7.39,6.184019,7968800
09-12-2016,42713,7.42,7.45,7.36,7.37,6.167284,11169600
12-12-2016,42716,7.34,7.365,7.27,7.35,6.150547,5083000
13-12-2016,42717,7.385,7.52,7.385,7.485,6.263516,8455200
14-12-2016,42718,7.485,7.505,7.405,7.42,6.209124,6204000
15-12-2016,42719,7.42,7.505,7.41,7.44,6.225861,6285600
16-12-2016,42720,7.495,7.54,7.4,7.45,6.234228,10166800
19-12-2016,42723,7.46,7.485,7.42,7.435,6.221675,4106400
20-12-2016,42724,7.455,7.475,7.43,7.465,6.24678,6409200
21-12-2016,42725,7.45,7.485,7.42,7.485,6.263516,4951800
22-12-2016,42726,7.36,7.425,7.29,7.4,6.192387,5821400
23-12-2016,42727,7.405,7.43,7.355,7.375,6.171467,3734400
27-12-2016,42731,7.395,7.435,7.39,7.405,6.196572,2295000
28-12-2016,42732,7.41,7.415,7.355,7.365,6.163098,5319400
29-12-2016,42733,7.36,7.405,7.335,7.37,6.167284,3381800
30-12-2016,42734,7.41,7.465,7.395,7.415,6.204939,7088400
03-01-2017,42738,7.39,7.41,7.315,7.37,6.167284,7727200
04-01-2017,42739,7.425,7.61,7.425,7.565,6.33046,12092200
05-01-2017,42740,7.525,7.555,7.475,7.51,6.284437,11927400
06-01-2017,42741,7.355,7.43,7.23,7.41,6.200756,27104200
09-01-2017,42744,7.355,7.52,7.34,7.48,6.259332,19123800
10-01-2017,42745,7.405,7.48,7.385,7.39,6.184019,22058600
11-01-2017,42746,7.4,7.61,7.39,7.595,6.355565,25168000
12-01-2017,42747,7.65,7.69,7.545,7.625,6.38067,12858600
13-01-2017,42748,7.385,7.43,7.1,7.25,6.066866,36469000
17-01-2017,42752,7.22,7.265,7.195,7.245,6.062682,13426000
18-01-2017,42753,7.25,7.265,7.195,7.22,6.041761,14859200
19-01-2017,42754,7.23,7.255,7.17,7.195,6.020841,8517600
20-01-2017,42755,7.17,7.21,7.13,7.18,6.00829,7235200
23-01-2017,42758,7.175,7.185,7.04,7.045,5.89532,25697000
24-01-2017,42759,7.075,7.11,7.01,7.06,5.907872,15134800
25-01-2017,42760,7.07,7.09,6.97,7,5.857664,22564600
26-01-2017,42761,7.005,7.01,6.88,6.895,5.769799,15098000
27-01-2017,42762,6.98,7.045,6.94,6.97,5.83256,22787000
30-01-2017,42765,7.02,7.055,6.885,6.905,5.778167,23176200
31-01-2017,42766,6.84,6.895,6.79,6.885,5.761431,17932600
01-02-2017,42767,6.975,7,6.71,6.795,5.686118,26133200
02-02-2017,42768,6.955,6.975,6.85,6.875,5.753062,32758800
03-02-2017,42769,6.895,6.96,6.895,6.94,5.807456,9092800
06-02-2017,42772,6.94,6.99,6.9,6.925,5.794903,14134200
07-02-2017,42773,6.975,7.065,6.965,7.035,5.886952,19453800
08-02-2017,42774,7.02,7.065,6.935,7.055,5.903688,17344200
09-02-2017,42775,7.055,7.325,7.055,7.285,6.096154,25719000
10-02-2017,42776,7.29,7.34,7.245,7.25,6.066866,14656200
13-02-2017,42779,7.365,7.375,7.31,7.325,6.129626,14538200
14-02-2017,42780,7.38,7.48,7.35,7.455,6.238412,18193800
15-02-2017,42781,7.44,7.505,7.425,7.43,6.217492,11984200
16-02-2017,42782,7.585,7.62,7.475,7.495,6.271883,8537600
17-02-2017,42783,7.46,7.49,7.43,7.44,6.225861,5701600
21-02-2017,42787,7.545,7.645,7.535,7.645,6.397406,14907200
22-02-2017,42788,7.49,7.585,7.475,7.52,6.292804,16588600
23-02-2017,42789,7.61,7.65,7.585,7.595,6.355565,9339600
24-02-2017,42790,7.55,7.605,7.52,7.605,6.363934,6828000
27-02-2017,42793,7.62,7.625,7.57,7.605,6.363934,8431000
28-02-2017,42794,7.635,7.645,7.565,7.57,6.334646,9542800
01-03-2017,42795,7.695,7.695,7.625,7.68,6.426693,10635400
02-03-2017,42796,7.605,7.68,7.575,7.64,6.393221,7129800
03-03-2017,42797,7.69,7.735,7.64,7.69,6.435062,8735000
06-03-2017,42800,7.65,7.685,7.54,7.58,6.343013,16881200
07-03-2017,42801,7.56,7.585,7.48,7.515,6.28862,22414000
08-03-2017,42802,7.5,7.545,7.465,7.485,6.263516,11346400
09-03-2017,42803,7.52,7.615,7.47,7.61,6.368117,15575400
10-03-2017,42804,7.64,7.755,7.635,7.75,6.485271,11079600
13-03-2017,42807,7.815,7.84,7.755,7.795,6.522927,13620600
14-03-2017,42808,7.795,7.805,7.72,7.78,6.510375,10022200
15-03-2017,42809,7.69,7.735,7.61,7.705,6.447615,8853200
16-03-2017,42810,7.86,7.955,7.81,7.885,6.59824,17432200
17-03-2017,42811,7.9,7.915,7.625,7.67,6.418326,31497800
20-03-2017,42814,7.75,7.805,7.675,7.755,6.489455,13356800
21-03-2017,42815,7.83,7.885,7.75,7.765,6.497822,12263000
22-03-2017,42816,7.78,7.83,7.74,7.825,6.54803,8018000
23-03-2017,42817,7.855,7.925,7.84,7.855,6.573135,9512000
24-03-2017,42818,7.835,7.89,7.82,7.835,6.5564,8074600
27-03-2017,42821,7.875,7.88,7.815,7.875,6.589872,7182800
28-03-2017,42822,7.875,7.895,7.81,7.86,6.57732,8981400
29-03-2017,42823,7.875,7.925,7.845,7.9,6.610792,8093000
30-03-2017,42824,7.865,7.91,7.86,7.9,6.610792,8073000
31-03-2017,42825,7.855,7.96,7.83,7.9,6.610792,8196000
03-04-2017,42828,7.865,7.885,7.68,7.735,6.472719,14728000
04-04-2017,42829,7.7,7.755,7.675,7.695,6.439246,11802800
05-04-2017,42830,7.675,7.695,7.625,7.68,6.426693,8661000
06-04-2017,42831,7.675,7.7,7.66,7.68,6.426693,6716200
07-04-2017,42832,7.625,7.67,7.6,7.635,6.389038,6895400
10-04-2017,42835,7.48,7.6,7.455,7.585,6.347197,17253000
11-04-2017,42836,7.575,7.59,7.495,7.545,6.313725,9899000
12-04-2017,42837,7.54,7.635,7.515,7.63,6.384853,17386200
13-04-2017,42838,7.36,7.415,7.24,7.24,6.058498,35304000
17-04-2017,42842,7.26,7.285,7.235,7.265,6.079418,15980600
18-04-2017,42843,7.195,7.245,7.175,7.21,6.033393,12138600
19-04-2017,42844,7.2,7.225,7.15,7.17,5.999921,9725000
20-04-2017,42845,7.27,7.275,7.2,7.235,6.054314,6851200
21-04-2017,42846,7.225,7.24,7.17,7.24,6.058498,14905000
24-04-2017,42849,7.285,7.305,7.18,7.215,6.037578,14650200
25-04-2017,42850,7.26,7.29,7.21,7.27,6.083602,14318800
26-04-2017,42851,7.225,7.27,7.205,7.25,6.066866,10860400
27-04-2017,42852,7.25,7.3,7.235,7.285,6.096154,8921000
28-04-2017,42853,7.27,7.3,7.24,7.28,6.09197,9022600
01-05-2017,42856,7.275,7.29,7.255,7.27,6.083602,4568000
02-05-2017,42857,7.28,7.34,7.245,7.26,6.075234,11353400
03-05-2017,42858,7.335,7.365,7.3,7.34,6.142179,7579800
04-05-2017,42859,7.36,7.39,7.34,7.36,6.158916,10237600
05-05-2017,42860,7.35,7.415,7.35,7.4,6.192387,11956000
08-05-2017,42863,7.425,7.575,7.425,7.55,6.317909,19107600
09-05-2017,42864,7.53,7.575,7.435,7.47,6.250963,21557200
10-05-2017,42865,7.445,7.48,7.385,7.455,6.238412,8922400
11-05-2017,42866,7.445,7.65,7.435,7.635,6.389038,30645600
12-05-2017,42867,7.675,7.755,7.625,7.64,6.393221,10838800
15-05-2017,42870,7.59,7.615,7.545,7.56,6.326276,8069000
16-05-2017,42871,7.585,7.655,7.585,7.63,6.384853,10042800
17-05-2017,42872,7.575,7.605,7.41,7.445,6.230043,16875800
18-05-2017,42873,7.51,7.545,7.44,7.49,6.2677,8158800
19-05-2017,42874,7.525,7.59,7.495,7.58,6.343013,6215400
22-05-2017,42877,7.58,7.585,7.505,7.525,6.296988,6237600
23-05-2017,42878,7.525,7.59,7.505,7.53,6.301172,6535200
24-05-2017,42879,7.535,7.61,7.515,7.6,6.359749,12805800
25-05-2017,42880,7.715,7.845,7.705,7.755,6.489455,15821600
26-05-2017,42881,7.755,7.795,7.685,7.765,6.497822,11395600
30-05-2017,42885,7.765,7.795,7.665,7.7,6.44343,12903000
31-05-2017,42886,7.595,7.615,7.505,7.55,6.512568,9038600
01-06-2017,42887,7.545,7.655,7.535,7.65,6.598828,11342000
02-06-2017,42888,7.6,7.63,7.54,7.59,6.547071,9718000
05-06-2017,42891,7.57,7.645,7.56,7.615,6.568636,8110000
06-06-2017,42892,7.665,7.81,7.65,7.795,6.723903,16073200
07-06-2017,42893,7.67,7.72,7.64,7.665,6.611766,14086000
08-06-2017,42894,7.67,7.675,7.57,7.635,6.585888,11539000
09-06-2017,42895,7.55,7.56,7.315,7.475,6.447874,25309800
12-06-2017,42898,7.59,7.62,7.53,7.53,6.495316,9556400
13-06-2017,42899,7.565,7.63,7.56,7.57,6.52982,9688000
14-06-2017,42900,7.605,7.645,7.535,7.585,6.542758,6649200
15-06-2017,42901,7.55,7.575,7.47,7.535,6.499629,6543400
16-06-2017,42902,7.455,7.46,7.285,7.335,6.327111,17488600
19-06-2017,42905,7.345,7.425,7.31,7.41,6.391806,10638600
20-06-2017,42906,7.45,7.505,7.425,7.45,6.426308,9027000
21-06-2017,42907,7.48,7.5,7.44,7.49,6.460812,6022600
22-06-2017,42908,7.475,7.48,7.32,7.385,6.37024,13805200
23-06-2017,42909,7.385,7.475,7.345,7.425,6.404744,8339600
26-06-2017,42912,7.455,7.51,7.43,7.47,6.44356,6078400
27-06-2017,42913,7.36,7.395,7.265,7.355,6.344362,14850800
28-06-2017,42914,7.365,7.5,7.335,7.46,6.434934,14128200
29-06-2017,42915,7.41,7.45,7.345,7.445,6.421996,9605000
30-06-2017,42916,7.46,7.6,7.415,7.51,6.478065,18206000
03-07-2017,42919,7.595,7.615,7.56,7.57,6.52982,7084200
05-07-2017,42921,7.545,7.545,7.47,7.47,6.44356,10577800
06-07-2017,42922,7.465,7.555,7.45,7.47,6.44356,10786200
07-07-2017,42923,7.475,7.54,7.42,7.52,6.48669,8271000
10-07-2017,42926,7.735,7.775,7.63,7.66,6.607453,14222600
11-07-2017,42927,7.71,7.74,7.635,7.735,6.672148,10745200
12-07-2017,42928,7.75,7.83,7.71,7.82,6.745468,21274600
13-07-2017,42929,7.775,7.825,7.735,7.78,6.710964,20329000
14-07-2017,42930,7.775,7.965,7.75,7.835,6.758407,23331800
17-07-2017,42933,7.86,7.87,7.73,7.82,6.745468,14512400
18-07-2017,42934,7.8,7.84,7.71,7.775,6.706651,12970800
19-07-2017,42935,7.78,7.785,7.675,7.69,6.63333,15647400
20-07-2017,42936,7.705,7.775,7.675,7.76,6.693712,9950000
21-07-2017,42937,7.755,7.85,7.705,7.84,6.76272,9722800
24-07-2017,42940,7.86,7.9,7.825,7.84,6.76272,9155800
25-07-2017,42941,7.87,7.93,7.84,7.905,6.818789,10863000
26-07-2017,42942,7.9,7.965,7.89,7.955,6.861917,6838400
27-07-2017,42943,7.83,7.9,7.75,7.795,6.723903,8586000
28-07-2017,42944,7.9,7.93,7.825,7.855,6.775659,6380400
31-07-2017,42947,7.95,7.96,7.835,7.9,6.814475,12215800
01-08-2017,42948,7.925,7.96,7.9,7.955,6.861917,11159400
02-08-2017,42949,7.925,7.93,7.865,7.89,6.805849,5451600
03-08-2017,42950,7.895,7.91,7.805,7.885,6.801537,11285400
04-08-2017,42951,7.895,7.9,7.835,7.835,6.758407,4433600
07-08-2017,42954,7.785,7.8,7.735,7.77,6.702338,6806200
08-08-2017,42955,7.77,7.83,7.755,7.76,6.693712,4952400
09-08-2017,42956,7.75,7.8,7.73,7.8,6.728216,5047000
10-08-2017,42957,7.805,7.81,7.645,7.66,6.607453,9926400
11-08-2017,42958,7.705,7.77,7.695,7.745,6.680773,6834200
14-08-2017,42961,7.77,7.8,7.735,7.735,6.672148,3865200
15-08-2017,42962,7.735,7.76,7.715,7.745,6.680773,4436600
16-08-2017,42963,7.735,7.955,7.705,7.825,6.74978,15401600
17-08-2017,42964,8.01,8.075,7.945,7.965,6.870543,18182000
18-08-2017,42965,7.545,7.545,7.245,7.395,6.378866,67189200
21-08-2017,42968,7.025,7.34,6.94,7.28,6.279668,61406600
22-08-2017,42969,7.17,7.19,7.04,7.13,6.150279,30566600
23-08-2017,42970,7.27,7.43,7.23,7.41,6.391806,33150600
24-08-2017,42971,7.46,7.52,7.36,7.495,6.465125,15167000
25-08-2017,42972,7.525,7.59,7.525,7.575,6.534132,17296600
28-08-2017,42975,7.685,7.725,7.63,7.655,6.603139,19995400
29-08-2017,42976,7.595,7.655,7.58,7.635,6.585888,14134800
30-08-2017,42977,7.595,7.615,7.505,7.525,6.491003,13530400
31-08-2017,42978,7.5,7.525,7.465,7.5,6.469438,17592000
01-09-2017,42979,7.525,7.54,7.405,7.42,6.400431,10663800
05-09-2017,42983,7.38,7.385,7.285,7.325,6.318485,12538600
06-09-2017,42984,7.31,7.345,7.28,7.31,6.305546,12556600
07-09-2017,42985,7.31,7.355,7.29,7.29,6.288294,8000400
08-09-2017,42986,7.275,7.28,7.225,7.265,6.266729,17924800
11-09-2017,42989,7.265,7.335,7.235,7.285,6.28398,14023400
12-09-2017,42990,7.27,7.3,7.245,7.27,6.271042,8990400
13-09-2017,42991,7.26,7.27,7.22,7.265,6.266729,5910800
14-09-2017,42992,7.265,7.31,7.21,7.275,6.275355,7203600
15-09-2017,42993,7.355,7.37,7.31,7.325,6.318485,10119800
18-09-2017,42996,7.405,7.41,7.37,7.4,6.383179,7898600
19-09-2017,42997,7.43,7.43,7.365,7.4,6.383179,4238200
20-09-2017,42998,7.38,7.465,7.365,7.42,6.400431,11953600
21-09-2017,42999,7.375,7.385,7.29,7.32,6.314171,15722000
22-09-2017,43000,7.28,7.3,7.225,7.295,6.292607,10435200
25-09-2017,43003,7.26,7.285,7.14,7.155,6.171844,11344200
26-09-2017,43004,7.22,7.23,7.155,7.17,6.184783,8812600
27-09-2017,43005,7.155,7.18,7.12,7.15,6.167531,7596200
28-09-2017,43006,7.145,7.155,7.105,7.135,6.154593,8390000
29-09-2017,43007,7.145,7.335,7.145,7.295,6.292607,12034800
02-10-2017,43010,7.295,7.355,7.255,7.34,6.331424,10237800
03-10-2017,43011,7.28,7.31,7.195,7.275,6.275355,15808200
04-10-2017,43012,7.26,7.295,7.24,7.255,6.258103,10879200
05-10-2017,43013,7.275,7.295,7.23,7.26,6.262416,4980800
06-10-2017,43014,7.305,7.335,7.28,7.315,6.309859,4455800
09-10-2017,43017,7.335,7.355,7.31,7.345,6.335736,3759200
10-10-2017,43018,7.4,7.425,7.375,7.38,6.365927,7066600
11-10-2017,43019,7.37,7.39,7.265,7.29,6.288294,10099000
12-10-2017,43020,7.325,7.325,7.285,7.305,6.301233,6234600
13-10-2017,43021,7.355,7.38,7.33,7.355,6.344362,5803000
16-10-2017,43024,7.41,7.425,7.285,7.31,6.305546,11782400
17-10-2017,43025,7.31,7.32,7.2,7.23,6.236538,15113800
18-10-2017,43026,7.25,7.3,7.19,7.29,6.288294,7804800
19-10-2017,43027,7.275,7.37,7.245,7.35,6.340049,5394800
20-10-2017,43028,7.335,7.375,7.28,7.28,6.279668,11967400
23-10-2017,43031,7.35,7.485,7.305,7.415,6.396118,19089400
24-10-2017,43032,7.175,7.28,7.075,7.26,6.262416,23529000
25-10-2017,43033,7.34,7.52,7.33,7.505,6.473751,16565200
26-10-2017,43034,7.52,7.545,7.48,7.505,6.473751,13338200
27-10-2017,43035,7.485,7.54,7.435,7.5,6.469438,14930000
30-10-2017,43038,7.415,7.505,7.395,7.445,6.421996,12135800
31-10-2017,43039,7.355,7.475,7.355,7.425,6.582033,13989800
01-11-2017,43040,7.45,7.47,7.295,7.325,6.673626,9712600
02-11-2017,43041,7.345,7.365,7.285,7.295,6.646294,6332400
03-11-2017,43042,7.34,7.36,7.305,7.315,6.664515,4694600
06-11-2017,43045,7.335,7.44,7.33,7.41,6.751067,5256000
07-11-2017,43046,7.505,7.545,7.41,7.425,6.764733,9363200
08-11-2017,43047,7.44,7.485,7.435,7.46,6.796621,5998800
09-11-2017,43048,7.425,7.495,7.425,7.49,6.823953,9211400
10-11-2017,43049,7.495,7.515,7.475,7.505,6.83762,7686000
13-11-2017,43052,7.45,7.45,7.375,7.4,6.741956,5838800
14-11-2017,43053,7.405,7.48,7.35,7.455,6.792065,9304200
15-11-2017,43054,7.44,7.48,7.16,7.42,6.760178,4178000
16-11-2017,43055,7.615,7.695,7.605,7.635,6.956059,11900000
17-11-2017,43056,7.575,7.61,7.56,7.595,6.919616,6428800
20-11-2017,43059,7.565,7.575,7.505,7.54,6.869507,4174600
21-11-2017,43060,7.585,7.615,7.545,7.56,6.887729,6191800
22-11-2017,43061,7.565,7.61,7.56,7.6,6.924171,3485000
24-11-2017,43063,7.76,7.86,7.715,7.805,7.110942,13455600
27-11-2017,43066,7.795,7.805,7.745,7.765,7.074499,10130000
28-11-2017,43067,7.72,7.855,7.71,7.78,7.088165,7677000
29-11-2017,43068,7.78,7.785,7.715,7.75,7.060833,5274000
30-11-2017,43069,7.71,7.81,7.685,7.78,7.088165,10090200
01-12-2017,43070,7.64,7.7,7.49,7.53,6.860397,11063000
04-12-2017,43073,7.8,7.88,7.72,7.73,7.042611,14086000
05-12-2017,43074,7.76,7.875,7.755,7.845,7.147385,11253200
06-12-2017,43075,7.79,7.845,7.775,7.78,7.088165,8323600
07-12-2017,43076,7.825,7.865,7.805,7.835,7.138274,5960800
08-12-2017,43077,7.805,7.86,7.805,7.84,7.14283,6103800
11-12-2017,43080,7.86,7.935,7.85,7.93,7.224826,6356400
12-12-2017,43081,7.925,7.98,7.875,7.955,7.247603,10178200
13-12-2017,43082,7.95,8.035,7.94,7.945,7.238492,11613600
14-12-2017,43083,7.965,8,7.945,7.95,7.243048,9271600
15-12-2017,43084,8.01,8.065,8,8.03,7.315934,9597000
18-12-2017,43087,8.035,8.04,7.98,8.02,7.306824,7508200
19-12-2017,43088,7.985,8.025,7.955,7.995,7.284047,5109200
20-12-2017,43089,8.025,8.04,7.99,8,7.288602,6692800
21-12-2017,43090,8.085,8.115,8.025,8.045,7.3296,8728200
22-12-2017,43091,8.155,8.185,8.045,8.05,7.334156,7653400
26-12-2017,43095,8.065,8.135,8.055,8.105,7.384264,4099600
27-12-2017,43096,8.095,8.115,8.075,8.09,7.370598,9322600
28-12-2017,43097,8.12,8.15,8.075,8.08,7.361487,5316200
29-12-2017,43098,8.17,8.185,8.105,8.11,7.38882,7103800
02-01-2018,43102,8.135,8.195,8.115,8.145,7.420709,12298200
03-01-2018,43103,8.12,8.135,8.05,8.075,7.356932,10250800
04-01-2018,43104,8.1,8.1,8.01,8.025,7.311378,16272000
05-01-2018,43105,8.085,8.19,8.075,8.175,7.44804,9813600
08-01-2018,43108,8.19,8.26,8.17,8.24,7.50726,11198200
09-01-2018,43109,8.275,8.38,8.275,8.37,7.6257,12924400
10-01-2018,43110,8.35,8.575,8.35,8.495,7.739584,16472200
11-01-2018,43111,8.57,8.685,8.545,8.635,7.867134,35177800
12-01-2018,43112,8.46,8.55,8.36,8.405,7.657587,17614000
16-01-2018,43116,8.875,9.12,8.845,8.89,8.099459,34275200
17-01-2018,43117,9.05,9.125,9.025,9.06,8.254341,25586000
18-01-2018,43118,9.08,9.095,8.915,8.96,8.163234,17432600
19-01-2018,43119,8.955,9.005,8.95,8.995,8.195122,7706400
22-01-2018,43122,9.035,9.155,8.995,9.145,8.331784,19282400
23-01-2018,43123,9.205,9.29,9.18,9.225,8.404669,12009000
24-01-2018,43124,9.295,9.355,9.22,9.23,8.409224,15833400
25-01-2018,43125,9.265,9.27,9.18,9.225,8.404669,9798200
26-01-2018,43126,9.25,9.275,9.165,9.25,8.427446,7542800
29-01-2018,43129,9.285,9.335,9.25,9.275,8.450223,12540800
30-01-2018,43130,9.115,9.185,9.09,9.125,8.313561,12589400
31-01-2018,43131,9.125,9.13,8.975,9.005,8.204232,19138600
01-02-2018,43132,9.045,9.045,8.925,8.965,8.167789,10878600
02-02-2018,43133,8.925,8.975,8.865,8.875,8.085793,15280200
05-02-2018,43136,8.83,8.94,8.66,8.685,7.912688,13482400
06-02-2018,43137,8.57,8.77,8.515,8.735,7.958241,13102200
07-02-2018,43138,8.695,8.875,8.65,8.74,7.962798,9494000
08-02-2018,43139,8.855,8.865,8.55,8.555,7.794249,10278800
09-02-2018,43140,8.6,8.775,8.44,8.68,7.908133,24858600
12-02-2018,43143,8.64,8.86,8.615,8.81,8.026573,18193800
13-02-2018,43144,8.77,8.795,8.675,8.73,7.953687,9333400
14-02-2018,43145,8.625,8.785,8.595,8.785,8.003796,13086800
15-02-2018,43146,8.82,8.85,8.715,8.805,8.022018,10147000
16-02-2018,43147,8.81,8.85,8.78,8.795,8.012906,5777800
20-02-2018,43151,8.75,8.86,8.75,8.82,8.035684,6754200
21-02-2018,43152,8.89,9,8.83,8.835,8.049349,8143800
22-02-2018,43153,8.94,8.955,8.85,8.9,8.108568,8334600
23-02-2018,43154,8.92,8.98,8.865,8.98,8.181456,7406600
26-02-2018,43157,8.915,8.935,8.81,8.84,8.053906,7132400
27-02-2018,43158,8.86,8.885,8.76,8.76,7.981019,9465000
28-02-2018,43159,8.94,8.985,8.83,8.83,8.044794,17073800
01-03-2018,43160,8.855,8.895,8.685,8.75,7.971908,10454800
02-03-2018,43161,8.74,8.895,8.725,8.875,8.085793,6620800
05-03-2018,43164,8.82,9.015,8.8,9,8.199677,8560600
06-03-2018,43165,8.965,9.055,8.94,8.995,8.195122,12470400
07-03-2018,43166,8.965,8.975,8.9,8.945,8.149569,5775000
08-03-2018,43167,8.95,9.025,8.9,9.015,8.213344,7832800
09-03-2018,43168,9.025,9.125,9.02,9.08,8.272563,9874000
12-03-2018,43171,9.125,9.245,9.125,9.205,8.386446,11646600
13-03-2018,43172,9.225,9.27,9.15,9.195,8.377336,5638600
14-03-2018,43173,9.23,9.245,9.17,9.19,8.372781,5120200
15-03-2018,43174,9.22,9.24,9.145,9.15,8.336338,6369400
16-03-2018,43175,9.125,9.205,9.115,9.15,8.336338,9818000
19-03-2018,43178,8.96,9.02,8.93,8.99,8.190565,11571800
20-03-2018,43179,9.025,9.125,9.01,9.105,8.295339,11714000
21-03-2018,43180,9.1,9.125,9.015,9.02,8.217899,11720000
22-03-2018,43181,8.96,8.98,8.845,8.845,8.05846,12787800
23-03-2018,43182,8.99,9.005,8.865,8.865,8.076682,12422200
26-03-2018,43185,8.9,8.99,8.815,8.985,8.186011,7530000
27-03-2018,43186,8.97,9.01,8.815,8.86,8.072126,8988600
28-03-2018,43187,8.825,8.88,8.75,8.845,8.05846,10084400
29-03-2018,43188,8.88,8.98,8.805,8.925,8.131347,9813800
02-04-2018,43192,8.895,8.945,8.75,8.775,7.994684,8026000
03-04-2018,43193,8.815,8.895,8.775,8.84,8.053906,9244800
04-04-2018,43194,8.735,8.93,8.72,8.915,8.122235,13969200
05-04-2018,43195,8.965,9.005,8.925,8.935,8.140457,9677200
06-04-2018,43196,8.815,8.82,8.695,8.745,7.967352,11383800
09-04-2018,43199,8.745,8.78,8.63,8.63,7.862579,11558600
10-04-2018,43200,8.695,8.725,8.62,8.66,7.889912,16201800
11-04-2018,43201,8.645,8.735,8.63,8.675,7.903578,15789400
12-04-2018,43202,9,9.11,8.965,9.005,8.204232,21398000
13-04-2018,43203,8.56,8.625,8.245,8.31,7.571035,49190000
16-04-2018,43206,8.57,8.615,8.485,8.495,7.739584,31001800
17-04-2018,43207,8.53,8.54,8.405,8.415,7.666698,17462400
18-04-2018,43208,8.495,8.535,8.405,8.465,7.712251,24623600
19-04-2018,43209,8.505,8.59,8.45,8.585,7.82158,15478000
20-04-2018,43210,8.8,8.84,8.65,8.685,7.912688,17252000
23-04-2018,43213,8.805,8.81,8.68,8.71,7.935465,19402600
24-04-2018,43214,8.53,8.63,8.5,8.545,7.785138,19468600
25-04-2018,43215,8.55,8.69,8.51,8.605,7.839802,14151800
26-04-2018,43216,8.69,8.81,8.69,8.73,7.953687,9746400
27-04-2018,43217,8.775,8.84,8.77,8.81,8.026573,9669800
30-04-2018,43220,8.905,8.93,8.795,8.835,8.049349,11187400
01-05-2018,43221,8.815,8.82,8.755,8.82,8.035684,6275800
02-05-2018,43222,8.85,8.93,8.82,8.885,8.094904,14506800
03-05-2018,43223,8.835,8.865,8.74,8.84,8.053906,6899400
04-05-2018,43224,8.755,8.86,8.73,8.83,8.044794,9887600
07-05-2018,43227,8.74,8.775,8.68,8.72,7.944576,11304000
08-05-2018,43228,8.665,8.725,8.615,8.66,7.889912,5599400
09-05-2018,43229,8.72,8.735,8.655,8.735,7.958241,4722000
10-05-2018,43230,8.72,8.765,8.695,8.725,7.949131,6500400
11-05-2018,43231,8.755,8.835,8.745,8.78,7.99924,6216400
14-05-2018,43234,8.81,8.895,8.8,8.825,8.040237,7456800
15-05-2018,43235,8.76,8.81,8.695,8.76,7.981019,4797800
16-05-2018,43236,8.795,8.825,8.755,8.775,7.994684,4999400
17-05-2018,43237,8.745,8.745,8.63,8.68,7.908133,7953800
18-05-2018,43238,8.685,8.725,8.66,8.68,7.908133,7760200
21-05-2018,43241,8.69,8.71,8.625,8.695,7.921799,7475000
22-05-2018,43242,8.725,8.805,8.7,8.76,7.981019,9099000
23-05-2018,43243,8.68,8.95,8.64,8.905,8.113126,21593200
24-05-2018,43244,8.94,9.25,8.94,9.12,8.309007,26357000
25-05-2018,43245,9.1,9.175,9.08,9.16,8.345449,8715600
29-05-2018,43249,9.025,9.055,8.94,9,8.199677,12508000
30-05-2018,43250,9.03,9.07,8.96,9.07,8.263453,10066800
31-05-2018,43251,9.09,9.155,9.08,9.095,8.286229,11609800
01-06-2018,43252,9.135,9.17,9.11,9.145,8.331784,6089400
04-06-2018,43255,9.185,9.23,9.175,9.22,8.400114,4743000
05-06-2018,43256,9.15,9.195,9.09,9.18,8.363671,6070400
06-06-2018,43257,9.23,9.37,9.21,9.37,8.536774,6417200
07-06-2018,43258,9.365,9.4,9.28,9.285,8.459334,6047600
08-06-2018,43259,9.29,9.4,9.28,9.365,8.53222,7230600
11-06-2018,43262,9.365,9.405,9.32,9.375,8.54133,5146000
12-06-2018,43263,9.4,9.53,9.385,9.5,8.655214,7466200
13-06-2018,43264,9.5,9.55,9.405,9.41,8.573216,9597600
14-06-2018,43265,9.245,9.245,9.075,9.08,8.704698,11047200
15-06-2018,43266,9.295,9.385,9.28,9.365,8.977916,11280400
18-06-2018,43269,9.25,9.275,9.205,9.22,8.838911,10883200
19-06-2018,43270,9.15,9.15,9.075,9.1,8.72387,15387000
20-06-2018,43271,9.11,9.135,9.07,9.08,8.704698,7358200
21-06-2018,43272,9.115,9.135,9.08,9.115,8.73825,7455600
22-06-2018,43273,9.195,9.375,9.15,9.36,8.973124,16286600
25-06-2018,43276,9.33,9.355,9.285,9.32,8.934776,9240800
26-06-2018,43277,9.3,9.375,9.275,9.36,8.973124,8451400
27-06-2018,43278,9.27,9.395,9.245,9.33,8.944364,13818000
28-06-2018,43279,9.33,9.53,9.315,9.5,9.107337,15941000
29-06-2018,43280,9.575,9.755,9.565,9.715,9.313451,19214800
02-07-2018,43283,9.695,9.825,9.69,9.805,9.399731,9753600
03-07-2018,43284,9.9,9.93,9.805,9.845,9.438077,7878400
05-07-2018,43286,9.49,9.685,9.455,9.67,9.27031,21795200
06-07-2018,43287,9.56,9.61,9.515,9.575,9.179237,13426600
09-07-2018,43290,9.63,9.72,9.615,9.7,9.299069,13745400
10-07-2018,43291,9.725,9.94,9.64,9.89,9.481217,17864000
11-07-2018,43292,9.765,9.895,9.765,9.88,9.471631,15992400
12-07-2018,43293,9.77,10.045,9.74,10.005,9.591463,28335600
13-07-2018,43294,9.56,9.815,9.55,9.71,9.308657,27224000
16-07-2018,43297,9.865,9.885,9.77,9.8,9.394938,14771800
17-07-2018,43298,9.785,9.97,9.76,9.95,9.538737,12135400
18-07-2018,43299,9.88,9.91,9.83,9.84,9.433285,5833800
19-07-2018,43300,9.72,9.905,9.72,9.855,9.447662,14995000
20-07-2018,43301,9.95,10.075,9.945,10.005,9.591463,10394600
23-07-2018,43304,10.025,10.09,9.995,10.075,9.65857,6873400
24-07-2018,43305,10.175,10.21,10.13,10.195,9.77361,8553200
25-07-2018,43306,10.22,10.34,10.205,10.29,9.864684,7539200
26-07-2018,43307,10.255,10.3,10.22,10.27,9.84551,9587400
27-07-2018,43308,10.3,10.315,10.115,10.17,9.749643,8674800
30-07-2018,43311,10.1,10.15,9.94,9.97,9.557911,14123200
31-07-2018,43312,10.055,10.105,10.035,10.09,9.67295,16554000
01-08-2018,43313,10.125,10.18,10.1,10.175,9.754437,9094000
02-08-2018,43314,10.09,10.22,10.06,10.19,9.768817,14119600
03-08-2018,43315,10.175,10.275,10.13,10.27,9.84551,8424400
06-08-2018,43318,10.215,10.305,10.16,10.295,9.869477,6577600
07-08-2018,43319,10.325,10.33,10.15,10.3,9.874271,9157800
08-08-2018,43320,10.3,10.43,10.265,10.375,9.946171,7491200
09-08-2018,43321,10.425,10.49,10.41,10.45,10.01807,5629600
10-08-2018,43322,10.355,10.42,10.335,10.4,9.970137,4435400
13-08-2018,43325,10.435,10.475,10.395,10.41,9.979724,4827600
14-08-2018,43326,10.405,10.475,10.385,10.45,10.01807,5472800
15-08-2018,43327,10.39,10.45,10.3,10.435,10.003691,6000200
16-08-2018,43328,10.5,10.52,10.455,10.495,10.061211,6288200
17-08-2018,43329,10.49,10.57,10.465,10.54,10.104351,7209600
20-08-2018,43332,10.25,10.39,10.145,10.25,9.826337,12304800
21-08-2018,43333,10.295,10.375,10.225,10.245,9.821544,8231200
22-08-2018,43334,10.245,10.285,10.205,10.25,9.826337,10869000
23-08-2018,43335,10.3,10.365,10.18,10.19,9.768817,11189200
24-08-2018,43336,10.215,10.215,10.09,10.15,9.730471,7687000
27-08-2018,43339,10.325,10.39,10.26,10.27,9.84551,7388600
28-08-2018,43340,10.35,10.355,10.305,10.325,9.898237,7254000
29-08-2018,43341,10.22,10.265,10.16,10.175,9.754437,12943200
30-08-2018,43342,10.18,10.255,10.135,10.23,9.807162,9159000
31-08-2018,43343,10.31,10.4,10.3,10.385,9.955757,6992200
04-09-2018,43347,10.43,10.46,10.28,10.38,9.950964,12184400
05-09-2018,43348,10.19,10.38,10.17,10.355,9.926996,12774400
06-09-2018,43349,10.295,10.405,10.285,10.4,9.970137,7225000
07-09-2018,43350,10.39,10.535,10.365,10.425,9.994103,10373600
10-09-2018,43353,10.38,10.48,10.3,10.35,9.922204,8940600
11-09-2018,43354,10.36,10.555,10.35,10.485,10.051623,8671800
12-09-2018,43355,10.57,10.65,10.53,10.55,10.113937,4392500
13-09-2018,43356,10.6,10.64,10.47,10.61,10.171456,9522300
14-09-2018,43357,10.52,10.54,10.27,10.32,9.893444,10702000
17-09-2018,43360,10.21,10.29,10.2,10.25,9.826337,7260000
18-09-2018,43361,10.18,10.18,10.08,10.14,9.720883,6657600
19-09-2018,43362,10.2,10.23,9.99,10.01,9.596257,11042600
20-09-2018,43363,10.08,10.1,9.97,10.07,9.653777,9811500
21-09-2018,43364,10.04,10.04,9.89,9.93,9.519564,7935600
24-09-2018,43367,10.04,10.07,9.93,9.95,9.538737,12798900
25-09-2018,43368,10.06,10.19,10.03,10.15,9.730471,10763500
26-09-2018,43369,10.06,10.2,10.03,10.06,9.644192,6388300
27-09-2018,43370,10.1,10.2,10.07,10.1,9.682537,8822100
28-09-2018,43371,10.22,10.25,10.12,10.17,9.749643,9329800
01-10-2018,43374,10.34,10.39,10.3,10.37,9.941378,7440100
02-10-2018,43375,10.32,10.32,10.2,10.27,9.84551,9053800
03-10-2018,43376,10.12,10.15,10.01,10.04,9.625017,10073600
04-10-2018,43377,9.81,10.02,9.8,10,9.586671,14905600
05-10-2018,43378,10.02,10.19,10.01,10.17,9.749643,8296800
08-10-2018,43381,9.97,10.07,9.92,10.03,9.61543,9091600
09-10-2018,43382,9.97,10.04,9.93,10.02,9.605844,8825600
10-10-2018,43383,9.81,9.84,9.63,9.74,9.337417,23251500
11-10-2018,43384,9.53,9.68,9.46,9.52,9.126511,18729300
12-10-2018,43385,9.65,9.76,9.57,9.74,9.337417,11524500
15-10-2018,43388,9.85,9.96,9.79,9.91,9.500391,17032800
16-10-2018,43389,9.95,10.52,9.91,10.22,9.797578,27500700
17-10-2018,43390,10.06,10.06,9.74,9.8,9.394938,20694700
18-10-2018,43391,9.78,9.78,9.35,9.54,9.145684,21337000
19-10-2018,43392,9.6,9.76,9.54,9.58,9.184031,8651900
22-10-2018,43395,9.57,9.58,9.4,9.48,9.088162,9586300
23-10-2018,43396,9.24,9.42,9.22,9.4,9.01147,10275200
24-10-2018,43397,9.3,9.37,9.05,9.06,8.685524,11702500
25-10-2018,43398,9.08,9.2,9.05,9.11,8.825933,9126200
26-10-2018,43399,8.99,9.05,8.85,9.02,8.738738,8647400
29-10-2018,43402,9.08,9.1,8.88,8.97,8.690298,9618300
30-10-2018,43403,9.16,9.32,9.1,9.19,8.903437,13429500
31-10-2018,43404,9.45,9.54,9.41,9.47,9.174706,9089200
01-11-2018,43405,9.39,9.4,9.21,9.3,9.010008,12112500
02-11-2018,43406,9.34,9.41,9.23,9.25,8.961567,8302600
05-11-2018,43409,9.29,9.47,9.29,9.4,9.106889,9240100
06-11-2018,43410,9.44,9.55,9.39,9.48,9.184394,6901300
07-11-2018,43411,9.62,9.69,9.58,9.61,9.310341,6291500
08-11-2018,43412,9.61,9.65,9.46,9.51,9.21346,5057100
09-11-2018,43413,9.41,9.5,9.37,9.49,9.194083,5318600
12-11-2018,43416,9.42,9.47,9.27,9.34,9.04876,7691300
13-11-2018,43417,9.37,9.46,9.33,9.4,9.106889,5937800
14-11-2018,43418,9.41,9.44,9.16,9.25,8.961567,5406400
15-11-2018,43419,9.27,9.37,9.16,9.33,9.039072,7020900
16-11-2018,43420,9.28,9.37,9.25,9.33,9.039072,4709700
19-11-2018,43423,9.33,9.33,9.21,9.29,9.00032,6507000
20-11-2018,43424,9.18,9.19,9.05,9.09,8.806556,7108500
21-11-2018,43425,8.99,9.1,8.95,9.07,8.78718,7539300
23-11-2018,43427,9.05,9.16,9.05,9.09,8.806556,3158400
26-11-2018,43430,9.07,9.21,9.06,9.18,8.89375,6051900
27-11-2018,43431,9.25,9.31,9.19,9.27,8.980944,5458600
28-11-2018,43432,9.63,9.89,9.56,9.86,9.552546,13928900
29-11-2018,43433,9.79,9.8,9.66,9.68,9.378159,12415800
30-11-2018,43434,9.8,9.86,9.75,9.86,9.552546,10463200
03-12-2018,43437,9.91,9.94,9.86,9.9,9.591298,13191200
04-12-2018,43438,9.94,10.05,9.83,9.85,9.542857,9518900
06-12-2018,43440,9.77,9.86,9.71,9.83,9.523481,17177400
07-12-2018,43441,9.83,9.97,9.65,9.69,9.387847,11353200
10-12-2018,43444,9.55,9.59,9.43,9.57,9.271587,7731000
11-12-2018,43445,9.65,9.77,9.62,9.69,9.387847,7952700
12-12-2018,43446,9.77,9.82,9.66,9.66,9.358783,5453300
13-12-2018,43447,9.93,9.98,9.85,9.87,9.562234,7971700
14-12-2018,43448,9.99,10.01,9.87,9.89,9.581611,7799600
17-12-2018,43451,9.82,9.83,9.54,9.6,9.300654,10520400
18-12-2018,43452,9.68,9.72,9.5,9.54,9.242524,9742500
19-12-2018,43453,9.49,9.58,9.38,9.43,9.135955,8175400
20-12-2018,43454,9.51,9.54,9.14,9.28,8.990631,23548800
21-12-2018,43455,9.21,9.31,9.1,9.1,8.816244,15286200
24-12-2018,43458,9.19,9.24,9.07,9.08,8.796868,8590700
26-12-2018,43460,9.15,9.38,9.12,9.38,9.087514,9004200
27-12-2018,43461,9.3,9.45,9.28,9.45,9.155331,9856500
28-12-2018,43462,9.48,9.5,9.38,9.43,9.135955,6818500
31-12-2018,43465,9.47,9.53,9.39,9.52,9.223148,7229400
02-01-2019,43467,9.5,9.73,9.47,9.61,9.310341,9818900
03-01-2019,43468,9.55,9.59,9.47,9.47,9.174706,9404900
04-01-2019,43469,9.52,9.72,9.5,9.63,9.329718,7119000
07-01-2019,43472,9.7,9.81,9.66,9.71,9.407223,7732700
08-01-2019,43473,9.82,9.85,9.72,9.75,9.445976,9391600
09-01-2019,43474,9.76,9.89,9.74,9.87,9.562234,9634300
10-01-2019,43475,9.78,9.89,9.7,9.88,9.571922,13956500
11-01-2019,43476,10.18,10.68,10.12,10.41,10.085396,40526400
14-01-2019,43479,10.18,10.41,10.13,10.37,10.046643,34162200
15-01-2019,43480,10.57,10.58,10.46,10.49,10.162901,12153400
16-01-2019,43481,10.57,10.64,10.55,10.61,10.279159,12048400
17-01-2019,43482,10.54,10.63,10.5,10.58,10.250094,9581000
18-01-2019,43483,10.6,10.69,10.58,10.67,10.337289,10168700
22-01-2019,43487,10.64,10.68,10.47,10.53,10.201654,10437700
23-01-2019,43488,10.56,10.56,10.43,10.53,10.201654,8108100
24-01-2019,43489,10.53,10.55,10.43,10.43,10.159769,6627700
25-01-2019,43490,10.51,10.58,10.41,10.55,10.276659,8839100
28-01-2019,43493,10.49,10.57,10.44,10.52,10.247437,5192200
29-01-2019,43494,10.49,10.53,10.42,10.48,10.208472,8271100
30-01-2019,43495,10.46,10.63,10.42,10.59,10.315623,7026000
31-01-2019,43496,10.68,10.82,10.68,10.8,10.520182,10354900
01-02-2019,43497,10.85,10.93,10.81,10.9,10.617591,6651300
04-02-2019,43500,10.83,10.88,10.79,10.87,10.588368,7449000
05-02-2019,43501,10.85,10.92,10.83,10.84,10.559145,6926300
06-02-2019,43502,10.91,10.94,10.85,10.9,10.617591,5478400
07-02-2019,43503,10.86,10.93,10.8,10.85,10.568887,7116200
08-02-2019,43504,10.83,10.89,10.81,10.86,10.578627,4103300
11-02-2019,43507,10.86,10.89,10.79,10.82,10.539663,5929600
12-02-2019,43508,10.85,10.86,10.76,10.77,10.490959,6300600
13-02-2019,43509,10.85,10.87,10.77,10.8,10.520182,9532300
14-02-2019,43510,10.65,10.76,10.62,10.76,10.481218,8443400
15-02-2019,43511,10.68,10.78,10.64,10.76,10.481218,9269100
19-02-2019,43515,10.47,10.57,10.38,10.55,10.276659,13443300
20-02-2019,43516,10.62,10.73,10.62,10.7,10.422772,6693600
21-02-2019,43517,10.6,10.62,10.49,10.55,10.276659,6913200
22-02-2019,43518,10.56,10.68,10.55,10.63,10.354587,4644600
25-02-2019,43521,10.83,10.92,10.78,10.81,10.529923,7781200
26-02-2019,43522,10.7,10.76,10.62,10.73,10.451995,6343700
27-02-2019,43523,10.61,10.73,10.57,10.7,10.422772,6812900
28-02-2019,43524,10.69,10.77,10.65,10.72,10.442255,6815000
01-03-2019,43525,10.79,10.87,10.74,10.84,10.559145,8012100
04-03-2019,43528,10.85,10.87,10.66,10.72,10.442255,5650900
05-03-2019,43529,10.72,10.8,10.65,10.77,10.490959,5576000
06-03-2019,43530,10.7,10.75,10.68,10.71,10.432513,6026600
07-03-2019,43531,10.65,10.71,10.48,10.49,10.218213,8304200
08-03-2019,43532,10.41,10.48,10.36,10.47,10.198731,6145300
11-03-2019,43535,10.48,10.57,10.46,10.55,10.276659,5497300
12-03-2019,43536,10.53,10.55,10.46,10.52,10.247437,9129600
13-03-2019,43537,10.53,10.6,10.48,10.55,10.276659,10809900
14-03-2019,43538,10.52,10.61,10.48,10.6,10.325364,5964500
15-03-2019,43539,10.69,10.77,10.69,10.7,10.422772,7108200
18-03-2019,43542,10.7,10.74,10.68,10.72,10.442255,5828700
19-03-2019,43543,10.8,10.91,10.79,10.9,10.617591,7204100
20-03-2019,43544,10.97,11.04,10.88,10.94,10.656554,7616300
21-03-2019,43545,10.94,11.08,10.94,11.06,10.773446,5108000
22-03-2019,43546,11.05,11.12,10.86,10.88,10.598109,8525300
25-03-2019,43549,10.86,10.88,10.77,10.82,10.539663,7322400
26-03-2019,43550,10.86,10.88,10.77,10.82,10.539663,4427200
27-03-2019,43551,10.79,10.83,10.67,10.73,10.451995,5644900
28-03-2019,43552,10.91,10.94,10.83,10.88,10.598109,5429900
29-03-2019,43553,10.93,11.03,10.92,10.93,10.646813,5862300
01-04-2019,43556,11.07,11.16,11.03,11.09,10.802669,5765400
02-04-2019,43557,11.16,11.26,11.1,11.18,10.890337,7661600
03-04-2019,43558,11.2,11.28,11.16,11.2,10.909819,7516300
04-04-2019,43559,11.09,11.15,11,11.07,10.783186,5658700
05-04-2019,43560,11.17,11.36,11.15,11.32,11.026709,9160300
08-04-2019,43563,11.28,11.38,11.27,11.31,11.016969,4759200
09-04-2019,43564,11.23,11.26,11.14,11.15,10.861113,15865500
10-04-2019,43565,11.12,11.17,11.04,11.08,10.792927,15151400
11-04-2019,43566,11.05,11.07,10.9,10.97,10.685778,19697600
12-04-2019,43567,10.6,10.71,10.45,10.55,10.276659,27590500
15-04-2019,43570,10.61,10.61,10.5,10.57,10.296141,15949200
16-04-2019,43571,10.56,10.57,10.36,10.37,10.101323,21431800
17-04-2019,43572,10.42,10.46,10.37,10.41,10.140286,10317700
18-04-2019,43573,10.45,10.49,10.34,10.39,10.120805,18307000
22-04-2019,43577,10.44,10.47,10.39,10.45,10.17925,7392500
23-04-2019,43578,10.48,10.64,10.48,10.53,10.257177,13314800
24-04-2019,43579,10.62,10.7,10.56,10.58,10.305882,12134700
25-04-2019,43580,10.57,10.57,10.4,10.52,10.247437,7030200
26-04-2019,43581,10.64,10.68,10.56,10.65,10.374068,5366900
29-04-2019,43584,10.69,10.78,10.66,10.75,10.471478,6956900
30-04-2019,43585,10.82,10.88,10.75,10.76,10.481218,8432300
01-05-2019,43586,10.81,10.88,10.76,10.77,10.490959,9212300
02-05-2019,43587,10.64,10.72,10.47,10.57,10.296141,12516500
03-05-2019,43588,10.56,10.56,10.07,10.33,10.062359,30580400
06-05-2019,43591,10.31,10.52,10.31,10.45,10.17925,13121800
07-05-2019,43592,10.44,10.46,10.29,10.34,10.0721,13262100
08-05-2019,43593,10.42,10.43,10.26,10.39,10.120805,11854500
09-05-2019,43594,10.34,10.36,10.19,10.2,9.935727,18123600
10-05-2019,43595,10.23,10.27,10.11,10.26,9.994173,19016300
13-05-2019,43598,10.17,10.18,10.04,10.11,9.848059,13309000
14-05-2019,43599,10.15,10.29,10.13,10.21,9.945469,5885600
15-05-2019,43600,10.23,10.39,10.19,10.39,10.120805,11611400
16-05-2019,43601,10.48,10.56,10.47,10.51,10.237696,8502800
17-05-2019,43602,10.4,10.44,10.15,10.17,9.906505,12427600
20-05-2019,43605,10.31,10.36,10.15,10.2,9.935727,17155700
21-05-2019,43606,10.2,10.21,10.12,10.18,9.916245,13841200
22-05-2019,43607,10.19,10.32,10.18,10.22,9.95521,8639200
23-05-2019,43608,10.08,10.2,10.01,10.16,9.896763,6115600
24-05-2019,43609,10.27,10.35,10.23,10.23,9.964949,10594200
28-05-2019,43613,10.4,10.45,10.3,10.3,10.033137,13101000
29-05-2019,43614,10.33,10.34,10.23,10.27,10.003914,9885000
30-05-2019,43615,10.38,10.6,10.37,10.57,10.296141,9560600
31-05-2019,43616,10.5,10.53,10.41,10.47,10.198731,8501000
03-06-2019,43619,10.56,10.63,10.41,10.45,10.17925,16517600
04-06-2019,43620,10.5,10.6,10.42,10.58,10.305882,8956200
05-06-2019,43621,10.56,10.57,10.43,10.44,10.169509,7705300
06-06-2019,43622,10.46,10.58,10.46,10.53,10.257177,5068500
07-06-2019,43623,10.52,10.68,10.52,10.63,10.354587,4587400
10-06-2019,43626,10.76,10.81,10.73,10.78,10.500699,6059100
11-06-2019,43627,10.84,10.85,10.72,10.84,10.559145,6582600
12-06-2019,43628,10.82,10.9,10.77,10.8,10.520182,7234800
13-06-2019,43629,10.63,10.7,10.54,10.62,10.490822,11253600
14-06-2019,43630,10.59,10.67,10.57,10.6,10.471066,4910900
17-06-2019,43633,10.52,10.65,10.47,10.6,10.471066,5351000
18-06-2019,43634,10.79,10.83,10.74,10.75,10.619241,9545700
19-06-2019,43635,10.78,10.8,10.59,10.6,10.471066,17172400
20-06-2019,43636,10.79,10.8,10.68,10.77,10.638998,14996300
21-06-2019,43637,10.72,10.79,10.68,10.72,10.589606,8959000
24-06-2019,43640,10.72,10.77,10.65,10.68,10.550093,6824800
25-06-2019,43641,10.7,10.7,10.61,10.65,10.520457,8018600
26-06-2019,43642,10.66,10.68,10.6,10.66,10.530335,4425400
27-06-2019,43643,10.59,10.67,10.52,10.62,10.490822,7636900
28-06-2019,43644,10.64,10.71,10.63,10.7,10.569849,6315300
01-07-2019,43647,10.7,10.7,10.62,10.7,10.569849,8902200
02-07-2019,43648,10.73,10.79,10.72,10.76,10.62912,7007200
03-07-2019,43649,10.69,10.77,10.67,10.74,10.609363,6879500
05-07-2019,43651,10.57,10.7,10.54,10.69,10.55997,18833300
08-07-2019,43654,10.6,10.62,10.55,10.56,10.431552,13564300
09-07-2019,43655,10.54,10.55,10.37,10.42,10.293255,23515700
10-07-2019,43656,10.55,10.61,10.44,10.48,10.352525,14954300
11-07-2019,43657,10.57,10.72,10.53,10.72,10.589606,15798500
12-07-2019,43658,11.34,11.56,11.27,11.4,11.261334,41385700
15-07-2019,43661,11.5,11.63,11.44,11.5,11.360118,13349700
16-07-2019,43662,11.53,11.59,11.49,11.53,11.389753,8621500
17-07-2019,43663,11.6,11.64,11.48,11.49,11.35024,9347900
18-07-2019,43664,11.5,11.59,11.49,11.55,11.409511,9554000
19-07-2019,43665,11.51,11.54,11.38,11.39,11.251456,10326900
22-07-2019,43668,11.45,11.52,11.44,11.46,11.320604,6380400
23-07-2019,43669,11.48,11.54,11.44,11.49,11.35024,6815600
24-07-2019,43670,11.49,11.56,11.45,11.46,11.320604,9101500
25-07-2019,43671,11.52,11.55,11.48,11.52,11.379875,7030300
26-07-2019,43672,11.53,11.56,11.46,11.48,11.340361,4230100
29-07-2019,43675,11.55,11.55,11.47,11.51,11.369997,6082600
30-07-2019,43676,11.47,11.49,11.39,11.42,11.281092,5375600
31-07-2019,43677,11.49,11.52,11.19,11.32,11.182307,20376600
01-08-2019,43678,11.21,11.39,11.2,11.26,11.123037,9424600
02-08-2019,43679,11.19,11.21,11.05,11.08,10.945227,10132700
05-08-2019,43682,10.99,11.03,10.84,10.9,10.767416,7132500
06-08-2019,43683,11.01,11.04,10.91,11,10.866199,15365300
07-08-2019,43684,10.95,11.16,10.88,11.16,11.024254,14179700
08-08-2019,43685,11.25,11.35,11.2,11.25,11.113159,11876300
09-08-2019,43686,11.25,11.26,11.08,11.13,10.994618,6107900
12-08-2019,43689,11.06,11.13,11.04,11.1,10.964984,4599900
13-08-2019,43690,10.85,11.1,10.78,11.06,10.92547,12558600
14-08-2019,43691,10.96,10.97,10.79,10.79,10.658754,8238800
15-08-2019,43692,10.87,11.05,10.77,10.93,10.797051,14914000
16-08-2019,43693,10.92,11.09,10.91,11.07,10.935349,9420600
19-08-2019,43696,11.06,11.18,11.06,11.13,10.994618,11201500
20-08-2019,43697,11.24,11.39,11.19,11.33,11.192186,13538500
21-08-2019,43698,11.4,11.45,11.28,11.3,11.162551,7062900
22-08-2019,43699,11.28,11.33,11.19,11.21,11.073646,6352600
23-08-2019,43700,11.26,11.32,11.1,11.11,10.974862,8412800
26-08-2019,43703,11.21,11.23,11.1,11.13,10.994618,6104400
27-08-2019,43704,11.1,11.16,11.08,11.15,11.014375,6968800
28-08-2019,43705,11.19,11.26,11.13,11.2,11.063767,5520600
29-08-2019,43706,11.28,11.48,11.28,11.39,11.251456,10932700
30-08-2019,43707,11.48,11.5,11.37,11.49,11.35024,7067000
03-09-2019,43711,11.39,11.41,11.22,11.28,11.142794,9252700
04-09-2019,43712,11.43,11.68,11.41,11.68,11.537929,18432500
05-09-2019,43713,11.79,12.08,11.76,12.07,11.923184,25060600
06-09-2019,43714,12.02,12.04,11.81,11.81,11.666348,10360200
09-09-2019,43717,11.77,11.77,11.59,11.64,11.498416,6583300
10-09-2019,43718,11.56,11.64,11.49,11.62,11.478659,9401500
11-09-2019,43719,11.65,11.66,11.56,11.58,11.439145,9023800
12-09-2019,43720,11.65,11.71,11.59,11.68,11.537929,7979500
13-09-2019,43721,11.78,11.87,11.71,11.77,11.626835,9378200
16-09-2019,43724,11.59,11.76,11.56,11.76,11.616956,8333600
17-09-2019,43725,11.68,11.76,11.66,11.67,11.52805,8195500
18-09-2019,43726,11.72,11.76,11.58,11.7,11.557685,8528000
19-09-2019,43727,11.66,11.68,11.58,11.6,11.458902,8105000
20-09-2019,43728,11.51,11.6,11.35,11.35,11.211943,14943600
23-09-2019,43731,10.98,11.07,10.81,11,10.866199,18658500
24-09-2019,43732,11.25,11.26,11.01,11.04,10.905713,14108100
25-09-2019,43733,11.13,11.15,11.03,11.06,10.92547,17286800
26-09-2019,43734,11.07,11.17,11,11.13,10.994618,9697400
27-09-2019,43735,11.16,11.22,11.06,11.21,11.073646,10509800
30-09-2019,43738,11.33,11.42,11.31,11.37,11.231699,12125900
01-10-2019,43739,11.21,11.25,11.01,11.04,10.905713,10800900
02-10-2019,43740,10.97,11.12,10.94,11.08,10.945227,8582600
03-10-2019,43741,11.06,11.21,11.06,11.16,11.024254,7168100
04-10-2019,43742,11.21,11.26,11.14,11.22,11.083525,7018000
07-10-2019,43745,11.16,11.31,11.1,11.29,11.152673,8589300
08-10-2019,43746,11.21,11.25,11.11,11.12,10.98474,9263600
09-10-2019,43747,11.09,11.24,11.08,11.16,11.024254,8826400
10-10-2019,43748,11.04,11.21,10.94,11.18,11.044011,13331900
11-10-2019,43749,11.29,11.31,10.96,10.97,10.836565,31213600
14-10-2019,43752,10.93,10.95,10.55,10.62,10.490822,36090800
15-10-2019,43753,10.66,10.77,10.51,10.67,10.540214,41270700
16-10-2019,43754,10.68,10.76,10.56,10.6,10.471066,29060900
17-10-2019,43755,10.62,10.73,10.49,10.59,10.461187,37682300
18-10-2019,43756,10.64,10.69,10.57,10.57,10.44143,22623800
21-10-2019,43759,8.94,9.43,8.93,9.29,9.177,77165400
22-10-2019,43760,9.05,9.08,8.9,9.01,9.01,48623900
23-10-2019,43761,9.1,9.2,8.95,9.04,9.04,25956700
24-10-2019,43762,8.92,8.99,8.76,8.93,8.93,28788000
25-10-2019,43763,8.93,9.25,8.91,9.2,9.2,23659500
28-10-2019,43766,9.19,9.3,9.15,9.16,9.16,11893500
29-10-2019,43767,9.22,9.39,9.16,9.31,9.31,24147000
30-10-2019,43768,9.39,9.44,9.31,9.32,9.32,14840500
31-10-2019,43769,9.62,9.73,9.54,9.59,9.59,30212200
01-11-2019,43770,9.62,9.69,9.5,9.52,9.52,10537300
04-11-2019,43773,9.83,10.09,9.76,9.76,9.76,21739400
05-11-2019,43774,9.74,9.82,9.66,9.72,9.72,11662500
06-11-2019,43775,9.88,9.9,9.82,9.88,9.88,12466800
07-11-2019,43776,10.06,10.12,9.98,10.02,10.02,12326100
08-11-2019,43777,9.96,9.97,9.66,9.68,9.68,32583800
11-11-2019,43780,9.75,9.87,9.7,9.79,9.79,16820700
12-11-2019,43781,9.73,9.76,9.69,9.75,9.75,9914300
13-11-2019,43782,9.6,9.72,9.59,9.71,9.71,9327100
14-11-2019,43783,9.79,9.89,9.76,9.87,9.87,6339100
15-11-2019,43784,9.87,9.92,9.82,9.86,9.86,9996700
18-11-2019,43787,9.86,9.87,9.78,9.86,9.86,10115400
19-11-2019,43788,9.93,9.94,9.81,9.83,9.83,13020000
20-11-2019,43789,9.8,9.98,9.8,9.92,9.92,8461600
21-11-2019,43790,9.9,9.93,9.82,9.87,9.87,4301600
22-11-2019,43791,9.65,9.76,9.58,9.6,9.6,23598600
25-11-2019,43794,9.71,9.88,9.65,9.87,9.87,16600800
26-11-2019,43795,9.69,9.79,9.65,9.65,9.65,20127900
27-11-2019,43796,9.68,9.79,9.65,9.78,9.78,8987600
29-11-2019,43798,9.73,9.84,9.73,9.83,9.83,4669500
02-12-2019,43801,9.72,9.73,9.65,9.69,9.69,9664000
03-12-2019,43802,9.72,9.74,9.65,9.67,9.67,4134300
04-12-2019,43803,9.86,9.91,9.78,9.86,9.86,8169800
05-12-2019,43804,9.93,9.94,9.85,9.89,9.89,6628000
06-12-2019,43805,9.94,9.98,9.93,9.94,9.94,3731800
09-12-2019,43808,9.98,10.06,9.93,9.94,9.94,6421400
10-12-2019,43809,9.96,10.06,9.92,10.04,10.04,12796700
11-12-2019,43810,10.08,10.1,10.02,10.07,10.07,14914900
12-12-2019,43811,9.91,10.04,9.9,10.03,10.03,9539700
13-12-2019,43812,10.05,10.14,10.04,10.08,10.08,8067400
16-12-2019,43815,10.08,10.14,10.07,10.13,10.13,7558000
17-12-2019,43816,10.27,10.32,10.18,10.29,10.29,15342000
18-12-2019,43817,10.34,10.37,10.29,10.33,10.33,10213900
19-12-2019,43818,10.29,10.3,10.16,10.27,10.27,7302800
20-12-2019,43819,10.25,10.33,10.24,10.29,10.29,6327100
23-12-2019,43822,10.29,10.31,10.24,10.29,10.29,3500900
24-12-2019,43823,10.28,10.28,10.21,10.24,10.24,1730800
26-12-2019,43825,10.25,10.28,10.16,10.17,10.17,5815700
27-12-2019,43826,10.25,10.34,10.24,10.26,10.26,8082900
30-12-2019,43829,10.26,10.27,10.12,10.16,10.16,6427000
31-12-2019,43830,10.16,10.32,10.16,10.32,10.32,5474500
02-01-2020,43832,10.3,10.34,10.23,10.29,10.29,5688000
03-01-2020,43833,10.29,10.35,10.26,10.31,10.31,6992200
06-01-2020,43836,10.22,10.25,10.17,10.21,10.21,10068900
07-01-2020,43837,10.12,10.17,10.1,10.1,10.1,10589100
08-01-2020,43838,10,10.12,9.99,10.09,10.09,13440400
09-01-2020,43839,10.21,10.51,10.15,10.48,10.48,28436900
10-01-2020,43840,11.1,11.15,10.62,10.65,10.65,30794600
13-01-2020,43843,10.95,10.98,10.8,10.88,10.88,13659600
14-01-2020,43844,10.87,10.9,10.77,10.86,10.86,15188300
15-01-2020,43845,10.83,10.93,10.73,10.85,10.85,11884300
16-01-2020,43846,10.84,10.94,10.81,10.85,10.85,8511200
17-01-2020,43847,10.84,10.92,10.72,10.88,10.88,6604300
21-01-2020,43851,10.77,10.91,10.77,10.85,10.85,15790000
22-01-2020,43852,10.94,11.07,10.92,11.04,11.04,22364600
23-01-2020,43853,11.09,11.12,10.88,11.06,11.06,27833700
24-01-2020,43854,11.07,11.12,10.94,11.03,11.03,21191300
27-01-2020,43857,10.83,11.01,10.83,10.99,10.99,13542100
28-01-2020,43858,10.99,11.14,10.95,11.1,11.1,15422800
29-01-2020,43859,11.18,11.27,11.04,11.06,11.06,19730500
30-01-2020,43860,11,11.08,10.97,11.06,11.06,10487100
31-01-2020,43861,10.96,11,10.9,10.96,10.96,24260300
03-02-2020,43864,10.88,10.95,10.78,10.94,10.94,11681900
04-02-2020,43865,11.08,11.16,11.05,11.1,11.1,7737200
05-02-2020,43866,11.1,11.13,11.03,11.04,11.04,10488300
06-02-2020,43867,10.97,11.04,10.95,10.96,10.96,16312500
07-02-2020,43868,10.95,10.99,10.84,10.85,10.85,8140300
10-02-2020,43871,10.85,10.96,10.83,10.92,10.92,4589700
11-02-2020,43872,10.97,11.03,10.93,10.95,10.95,6526500
12-02-2020,43873,11.08,11.22,11.06,11.22,11.22,9928100
13-02-2020,43874,11.22,11.26,11.09,11.1,11.1,9416900
14-02-2020,43875,11.08,11.12,11.01,11.01,11.01,5420300
18-02-2020,43879,11.15,11.27,11.14,11.21,11.21,8421200
19-02-2020,43880,11.24,11.34,11.22,11.3,11.3,7540600
20-02-2020,43881,11.22,11.38,11.19,11.36,11.36,11640000
21-02-2020,43882,11.33,11.44,11.3,11.41,11.41,10524200
24-02-2020,43885,11.11,11.29,11.11,11.22,11.22,11279100
25-02-2020,43886,11.2,11.34,10.94,11.02,11.02,20686000
26-02-2020,43887,11.01,11.14,10.95,11,11,16736100
27-02-2020,43888,10.82,10.91,10.61,10.62,10.62,23272000
28-02-2020,43889,10.18,10.31,9.99,10.07,10.07,21543200
02-03-2020,43892,10.13,10.39,10.03,10.36,10.36,16473900
03-03-2020,43893,10.34,10.54,10.13,10.21,10.21,12922700
04-03-2020,43894,10.35,10.48,10.22,10.47,10.47,12536000
05-03-2020,43895,10.32,10.36,10.07,10.13,10.13,12249800
06-03-2020,43896,9.96,10.04,9.59,9.78,9.78,15525700
09-03-2020,43899,9.21,9.35,8.79,9.08,9.08,12921200
10-03-2020,43900,9.42,9.45,9.01,9.19,9.19,21848100
11-03-2020,43901,9.06,9.18,8.85,8.9,8.9,24616200
12-03-2020,43902,8.3,8.39,8,8.05,8.05,17213700
13-03-2020,43903,8.6,8.64,8,8.38,8.38,35410600
16-03-2020,43906,7.35,7.87,7.24,7.37,7.37,19661600
17-03-2020,43907,7.4,7.93,7.12,7.87,7.87,20011000
18-03-2020,43908,7.1,7.53,7.08,7.35,7.35,25345100
19-03-2020,43909,7.32,7.35,7.03,7.13,7.13,13834300
20-03-2020,43910,7.5,7.56,6.86,6.94,6.94,22880400
23-03-2020,43913,6.92,7.19,6.76,7.12,7.12,26046500
24-03-2020,43914,7.83,8.06,7.51,7.74,7.74,20455100
25-03-2020,43915,7.76,8.38,7.68,8.19,8.19,22259700
26-03-2020,43916,8.5,9.13,8.42,9.1,9.1,29555000
27-03-2020,43917,8.65,8.83,8.45,8.51,8.51,23759500
30-03-2020,43920,8.41,8.65,8.35,8.49,8.49,13054500
31-03-2020,43921,8.48,8.52,8.15,8.21,8.21,20571700
01-04-2020,43922,7.87,8.02,7.76,7.78,7.78,15617300
02-04-2020,43923,7.8,8.02,7.74,7.91,7.91,7323600
03-04-2020,43924,7.8,7.81,7.46,7.56,7.56,15539600
06-04-2020,43927,7.86,8.28,7.8,8.25,8.25,16003400
07-04-2020,43928,8.67,8.77,8.35,8.38,8.38,15033000
08-04-2020,43929,8.41,8.52,8.19,8.48,8.48,13721300
09-04-2020,43930,8.55,8.68,8.47,8.52,8.52,9988700
13-04-2020,43934,8.5,8.55,8.32,8.5,8.5,5684500
14-04-2020,43935,8.59,8.74,8.48,8.67,8.67,7582100
15-04-2020,43936,8.28,8.46,8.25,8.33,8.33,8004400
16-04-2020,43937,8.3,8.32,8.09,8.22,8.22,9811400
17-04-2020,43938,8.45,8.59,8.39,8.58,8.58,14965900
20-04-2020,43941,8.47,8.73,8.34,8.51,8.51,9658400
21-04-2020,43942,8.1,8.43,8.1,8.25,8.25,9776700
22-04-2020,43943,8.38,8.59,8.34,8.55,8.55,9961600
23-04-2020,43944,8.89,8.99,8.75,8.79,8.79,11386000
24-04-2020,43945,8.73,8.81,8.6,8.76,8.76,7976800
